table_name,column_name,attnum,pg_type
pg_am,oid,1,oid
pg_am,amname,2,name
pg_am,amhandler,3,regproc
pg_am,amtype,4,"""char"""
pg_attrdef,oid,1,oid
pg_attrdef,adrelid,2,oid
pg_attrdef,adnum,3,smallint
pg_attrdef,adbin,4,pg_node_tree
pg_attribute,attrelid,1,oid
pg_attribute,attname,2,name
pg_attribute,atttypid,3,oid
pg_attribute,attstattarget,4,integer
pg_attribute,attlen,5,smallint
pg_attribute,attnum,6,smallint
pg_attribute,attndims,7,integer
pg_attribute,attcacheoff,8,integer
pg_attribute,atttypmod,9,integer
pg_attribute,attbyval,10,boolean
pg_attribute,attalign,11,"""char"""
pg_attribute,attstorage,12,"""char"""
pg_attribute,attcompression,13,"""char"""
pg_attribute,attnotnull,14,boolean
pg_attribute,atthasdef,15,boolean
pg_attribute,atthasmissing,16,boolean
pg_attribute,attidentity,17,"""char"""
pg_attribute,attgenerated,18,"""char"""
pg_attribute,attisdropped,19,boolean
pg_attribute,attislocal,20,boolean
pg_attribute,attinhcount,21,integer
pg_attribute,attcollation,22,oid
pg_attribute,attacl,23,aclitem[]
pg_attribute,attoptions,24,text[]
pg_attribute,attfdwoptions,25,text[]
pg_attribute,attmissingval,26,anyarray
pg_class,oid,1,oid
pg_class,relname,2,name
pg_class,relnamespace,3,oid
pg_class,reltype,4,oid
pg_class,reloftype,5,oid
pg_class,relowner,6,oid
pg_class,relam,7,oid
pg_class,relfilenode,8,oid
pg_class,reltablespace,9,oid
pg_class,relpages,10,integer
pg_class,reltuples,11,real
pg_class,relallvisible,12,integer
pg_class,reltoastrelid,13,oid
pg_class,relhasindex,14,boolean
pg_class,relisshared,15,boolean
pg_class,relpersistence,16,"""char"""
pg_class,relkind,17,"""char"""
pg_class,relnatts,18,smallint
pg_class,relchecks,19,smallint
pg_class,relhasrules,20,boolean
pg_class,relhastriggers,21,boolean
pg_class,relhassubclass,22,boolean
pg_class,relrowsecurity,23,boolean
pg_class,relforcerowsecurity,24,boolean
pg_class,relispopulated,25,boolean
pg_class,relreplident,26,"""char"""
pg_class,relispartition,27,boolean
pg_class,relrewrite,28,oid
pg_class,relfrozenxid,29,xid
pg_class,relminmxid,30,xid
pg_class,relacl,31,aclitem[]
pg_class,reloptions,32,text[]
pg_class,relpartbound,33,pg_node_tree
pg_constraint,oid,1,oid
pg_constraint,conname,2,name
pg_constraint,connamespace,3,oid
pg_constraint,contype,4,"""char"""
pg_constraint,condeferrable,5,boolean
pg_constraint,condeferred,6,boolean
pg_constraint,convalidated,7,boolean
pg_constraint,conrelid,8,oid
pg_constraint,contypid,9,oid
pg_constraint,conindid,10,oid
pg_constraint,conparentid,11,oid
pg_constraint,confrelid,12,oid
pg_constraint,confupdtype,13,"""char"""
pg_constraint,confdeltype,14,"""char"""
pg_constraint,confmatchtype,15,"""char"""
pg_constraint,conislocal,16,boolean
pg_constraint,coninhcount,17,integer
pg_constraint,connoinherit,18,boolean
pg_constraint,conkey,19,smallint[]
pg_constraint,confkey,20,smallint[]
pg_constraint,conpfeqop,21,oid[]
pg_constraint,conppeqop,22,oid[]
pg_constraint,conffeqop,23,oid[]
pg_constraint,conexclop,24,oid[]
pg_constraint,conbin,25,pg_node_tree
pg_database,oid,1,oid
pg_database,datname,2,name
pg_database,datdba,3,oid
pg_database,encoding,4,integer
pg_database,datcollate,5,name
pg_database,datctype,6,name
pg_database,datistemplate,7,boolean
pg_database,datallowconn,8,boolean
pg_database,datconnlimit,9,integer
pg_database,datlastsysoid,10,oid
pg_database,datfrozenxid,11,xid
pg_database,datminmxid,12,xid
pg_database,dattablespace,13,oid
pg_database,datacl,14,aclitem[]
pg_depend,classid,1,oid
pg_depend,objid,2,oid
pg_depend,objsubid,3,integer
pg_depend,refclassid,4,oid
pg_depend,refobjid,5,oid
pg_depend,refobjsubid,6,integer
pg_depend,deptype,7,"""char"""
pg_description,objoid,1,oid
pg_description,classoid,2,oid
pg_description,objsubid,3,integer
pg_description,description,4,text
pg_enum,oid,1,oid
pg_enum,enumtypid,2,oid
pg_enum,enumsortorder,3,real
pg_enum,enumlabel,4,name
pg_extension,oid,1,oid
pg_extension,extname,2,name
pg_extension,extowner,3,oid
pg_extension,extnamespace,4,oid
pg_extension,extrelocatable,5,boolean
pg_extension,extversion,6,text
pg_extension,extconfig,7,oid[]
pg_extension,extcondition,8,text[]
pg_index,indexrelid,1,oid
pg_index,indrelid,2,oid
pg_index,indnatts,3,smallint
pg_index,indnkeyatts,4,smallint
pg_index,indisunique,5,boolean
pg_index,indisprimary,6,boolean
pg_index,indisexclusion,7,boolean
pg_index,indimmediate,8,boolean
pg_index,indisclustered,9,boolean
pg_index,indisvalid,10,boolean
pg_index,indcheckxmin,11,boolean
pg_index,indisready,12,boolean
pg_index,indislive,13,boolean
pg_index,indisreplident,14,boolean
pg_index,indkey,15,int2vector
pg_index,indcollation,16,oidvector
pg_index,indclass,17,oidvector
pg_index,indoption,18,int2vector
pg_index,indexprs,19,pg_node_tree
pg_index,indpred,20,pg_node_tree
pg_inherits,inhrelid,1,oid
pg_inherits,inhparent,2,oid
pg_inherits,inhseqno,3,integer
pg_inherits,inhdetachpending,4,boolean
pg_matviews,schemaname,1,name
pg_matviews,matviewname,2,name
pg_matviews,matviewowner,3,name
pg_matviews,tablespace,4,name
pg_matviews,hasindexes,5,boolean
pg_matviews,ispopulated,6,boolean
pg_matviews,definition,7,text
pg_namespace,oid,1,oid
pg_namespace,nspname,2,name
pg_namespace,nspowner,3,oid
pg_namespace,nspacl,4,aclitem[]
pg_policy,oid,1,oid
pg_policy,polname,2,name
pg_policy,polrelid,3,oid
pg_policy,polcmd,4,"""char"""
pg_policy,polpermissive,5,boolean
pg_policy,polroles,6,oid[]
pg_policy,polqual,7,pg_node_tree
pg_policy,polwithcheck,8,pg_node_tree
pg_proc,oid,1,oid
pg_proc,proname,2,name
pg_proc,pronamespace,3,oid
pg_proc,proowner,4,oid
pg_proc,prolang,5,oid
pg_proc,procost,6,real
pg_proc,prorows,7,real
pg_proc,provariadic,8,oid
pg_proc,prosupport,9,regproc
pg_proc,prokind,10,"""char"""
pg_proc,prosecdef,11,boolean
pg_proc,proleakproof,12,boolean
pg_proc,proisstrict,13,boolean
pg_proc,proretset,14,boolean
pg_proc,provolatile,15,"""char"""
pg_proc,proparallel,16,"""char"""
pg_proc,pronargs,17,smallint
pg_proc,pronargdefaults,18,smallint
pg_proc,prorettype,19,oid
pg_proc,proargtypes,20,oidvector
pg_proc,proallargtypes,21,oid[]
pg_proc,proargmodes,22,"""char""[]"
pg_proc,proargnames,23,text[]
pg_proc,proargdefaults,24,pg_node_tree
pg_proc,protrftypes,25,oid[]
pg_proc,prosrc,26,text
pg_proc,probin,27,text
pg_proc,prosqlbody,28,pg_node_tree
pg_proc,proconfig,29,text[]
pg_proc,proacl,30,aclitem[]
pg_publication,oid,1,oid
pg_publication,pubname,2,name
pg_publication,pubowner,3,oid
pg_publication,puballtables,4,boolean
pg_publication,pubinsert,5,boolean
pg_publication,pubupdate,6,boolean
pg_publication,pubdelete,7,boolean
pg_publication,pubtruncate,8,boolean
pg_publication,pubviaroot,9,boolean
pg_publication_rel,oid,1,oid
pg_publication_rel,prpubid,2,oid
pg_publication_rel,prrelid,3,oid
pg_roles,rolname,1,name
pg_roles,rolsuper,2,boolean
pg_roles,rolinherit,3,boolean
pg_roles,rolcreaterole,4,boolean
pg_roles,rolcreatedb,5,boolean
pg_roles,rolcanlogin,6,boolean
pg_roles,rolreplication,7,boolean
pg_roles,rolconnlimit,8,integer
pg_roles,rolpassword,9,text
pg_roles,rolvaliduntil,10,timestamp with time zone
pg_roles,rolbypassrls,11,boolean
pg_roles,rolconfig,12,text[]
pg_roles,oid,13,oid
pg_sequences,schemaname,1,name
pg_sequences,sequencename,2,name
pg_sequences,sequenceowner,3,name
pg_sequences,data_type,4,regtype
pg_sequences,start_value,5,bigint
pg_sequences,min_value,6,bigint
pg_sequences,max_value,7,bigint
pg_sequences,increment_by,8,bigint
pg_sequences,cycle,9,boolean
pg_sequences,cache_size,10,bigint
pg_sequences,last_value,11,bigint
pg_settings,name,1,text
pg_settings,setting,2,text
pg_settings,unit,3,text
pg_settings,category,4,text
pg_settings,short_desc,5,text
pg_settings,extra_desc,6,text
pg_settings,context,7,text
pg_settings,vartype,8,text
pg_settings,source,9,text
pg_settings,min_val,10,text
pg_settings,max_val,11,text
pg_settings,enumvals,12,text[]
pg_settings,boot_val,13,text
pg_settings,reset_val,14,text
pg_settings,sourcefile,15,text
pg_settings,sourceline,16,integer
pg_settings,pending_restart,17,boolean
pg_shdescription,objoid,1,oid
pg_shdescription,classoid,2,oid
pg_shdescription,description,3,text
pg_statistic_ext,oid,1,oid
pg_statistic_ext,stxrelid,2,oid
pg_statistic_ext,stxname,3,name
pg_statistic_ext,stxnamespace,4,oid
pg_statistic_ext,stxowner,5,oid
pg_statistic_ext,stxstattarget,6,integer
pg_statistic_ext,stxkeys,7,int2vector
pg_statistic_ext,stxkind,8,"""char""[]"
pg_statistic_ext,stxexprs,9,pg_node_tree
pg_tablespace,oid,1,oid
pg_tablespace,spcname,2,name
pg_tablespace,spcowner,3,oid
pg_tablespace,spcacl,4,aclitem[]
pg_tablespace,spcoptions,5,text[]
pg_trigger,oid,1,oid
pg_trigger,tgrelid,2,oid
pg_trigger,tgparentid,3,oid
pg_trigger,tgname,4,name
pg_trigger,tgfoid,5,oid
pg_trigger,tgtype,6,smallint
pg_trigger,tgenabled,7,"""char"""
pg_trigger,tgisinternal,8,boolean
pg_trigger,tgconstrrelid,9,oid
pg_trigger,tgconstrindid,10,oid
pg_trigger,tgconstraint,11,oid
pg_trigger,tgdeferrable,12,boolean
pg_trigger,tginitdeferred,13,boolean
pg_trigger,tgnargs,14,smallint
pg_trigger,tgattr,15,int2vector
pg_trigger,tgargs,16,bytea
pg_trigger,tgqual,17,pg_node_tree
pg_trigger,tgoldtable,18,name
pg_trigger,tgnewtable,19,name
pg_sequence,seqrelid,1,oid
pg_sequence,seqtypid,2,oid
pg_sequence,seqstart,3,bigint
pg_sequence,seqincrement,4,bigint
pg_sequence,seqmax,5,bigint
pg_sequence,seqmin,6,bigint
pg_sequence,seqcache,7,bigint
pg_sequence,seqcycle,8,boolean
pg_language,oid,1,oid
pg_language,lanname,2,name
pg_language,lanowner,3,oid
pg_language,lanispl,4,boolean
pg_language,lanpltrusted,5,boolean
pg_language,lanplcallfoid,6,oid
pg_language,laninline,7,oid
pg_language,lanvalidator,8,oid
pg_language,lanacl,9,aclitem[]
pg_authid,oid,1,oid
pg_authid,rolname,2,name
pg_authid,rolsuper,3,boolean
pg_authid,rolinherit,4,boolean
pg_authid,rolcreaterole,5,boolean
pg_authid,rolcreatedb,6,boolean
pg_authid,rolcanlogin,7,boolean
pg_authid,rolreplication,8,boolean
pg_authid,rolbypassrls,9,boolean
pg_authid,rolconnlimit,10,integer
pg_authid,rolpassword,11,text
pg_authid,rolvaliduntil,12,timestamp with time zone
pg_auth_members,roleid,1,oid
pg_auth_members,member,2,oid
pg_auth_members,grantor,3,oid
pg_auth_members,admin_option,4,boolean
pg_opclass,oid,1,oid
pg_opclass,opcmethod,2,oid
pg_opclass,opcname,3,name
pg_opclass,opcnamespace,4,oid
pg_opclass,opcowner,5,oid
pg_opclass,opcfamily,6,oid
pg_opclass,opcintype,7,oid
pg_opclass,opcdefault,8,boolean
pg_opclass,opckeytype,9,oid
pg_operator,oid,1,oid
pg_operator,oprname,2,name
pg_operator,oprnamespace,3,oid
pg_operator,oprowner,4,oid
pg_operator,oprkind,5,"""char"""
pg_operator,oprcanmerge,6,boolean
pg_operator,oprcanhash,7,boolean
pg_operator,oprleft,8,oid
pg_operator,oprright,9,oid
pg_operator,oprresult,10,oid
pg_operator,oprcom,11,oid
pg_operator,oprnegate,12,oid
pg_operator,oprcode,13,regproc
pg_operator,oprrest,14,regproc
pg_operator,oprjoin,15,regproc
pg_cast,oid,1,oid
pg_cast,castsource,2,oid
pg_cast,casttarget,3,oid
pg_cast,castfunc,4,oid
pg_cast,castcontext,5,"""char"""
pg_cast,castmethod,6,"""char"""
pg_rewrite,oid,1,oid
pg_rewrite,rulename,2,name
pg_rewrite,ev_class,3,oid
pg_rewrite,ev_type,4,"""char"""
pg_rewrite,ev_enabled,5,"""char"""
pg_rewrite,is_instead,6,boolean
pg_rewrite,ev_qual,7,pg_node_tree
pg_rewrite,ev_action,8,pg_node_tree
pg_stat_activity,datid,1,oid
pg_stat_activity,datname,2,name
pg_stat_activity,pid,3,integer
pg_stat_activity,leader_pid,4,integer
pg_stat_activity,usesysid,5,oid
pg_stat_activity,usename,6,name
pg_stat_activity,application_name,7,text
pg_stat_activity,client_addr,8,inet
pg_stat_activity,client_hostname,9,text
pg_stat_activity,client_port,10,integer
pg_stat_activity,backend_start,11,timestamp with time zone
pg_stat_activity,xact_start,12,timestamp with time zone
pg_stat_activity,query_start,13,timestamp with time zone
pg_stat_activity,state_change,14,timestamp with time zone
pg_stat_activity,wait_event_type,15,text
pg_stat_activity,wait_event,16,text
pg_stat_activity,state,17,text
pg_stat_activity,backend_xid,18,xid
pg_stat_activity,backend_xmin,19,xid
pg_stat_activity,query_id,20,bigint
pg_stat_activity,query,21,text
pg_stat_activity,backend_type,22,text
pg_locks,locktype,1,text
pg_locks,database,2,oid
pg_locks,relation,3,oid
pg_locks,page,4,integer
pg_locks,tuple,5,smallint
pg_locks,virtualxid,6,text
pg_locks,transactionid,7,xid
pg_locks,classid,8,oid
pg_locks,objid,9,oid
pg_locks,objsubid,10,smallint
pg_locks,virtualtransaction,11,text
pg_locks,pid,12,integer
pg_locks,mode,13,text
pg_locks,granted,14,boolean
pg_locks,fastpath,15,boolean
pg_locks,waitstart,16,timestamp with time zone
