oid,collname,collnamespace,collowner
100,default,11,10
950,C,11,10
951,POSIX,11,10
12545,ucs_basic,11,10
12546,en_NZ,11,10
12547,nl_NL.UTF-8,11,10
12548,pt_BR.UTF-8,11,10
12549,fr_CH.ISO8859-15,11,10
12550,eu_ES.ISO8859-15,11,10
12551,af_ZA,11,10
12552,bg_BG,11,10
12553,cs_CZ.UTF-8,11,10
12554,fi_FI,11,10
12555,zh_CN.UTF-8,11,10
12556,eu_ES,11,10
12557,sk_SK.ISO8859-2,11,10
12558,nl_BE,11,10
12559,fr_BE,11,10
12560,sk_SK,11,10
12561,en_US.UTF-8,11,10
12562,en_NZ.ISO8859-1,11,10
12563,de_CH,11,10
12564,sk_SK.UTF-8,11,10
12565,de_DE.UTF-8,11,10
12566,am_ET.UTF-8,11,10
12567,zh_HK,11,10
12568,be_BY.UTF-8,11,10
12569,uk_UA,11,10
12570,pt_PT.ISO8859-1,11,10
12571,en_US,11,10
12572,nl_BE.ISO8859-15,11,10
12573,de_AT.ISO8859-1,11,10
12574,hr_HR.ISO8859-2,11,10
12575,fr_FR.ISO8859-1,11,10
12576,af_ZA.UTF-8,11,10
12577,am_ET,11,10
12578,fi_FI.ISO8859-1,11,10
12579,ro_RO.UTF-8,11,10
12580,af_ZA.ISO8859-15,11,10
12581,en_NZ.UTF-8,11,10
12582,fi_FI.UTF-8,11,10
12583,hr_HR.UTF-8,11,10
12584,da_DK.UTF-8,11,10
12585,ca_ES.ISO8859-1,11,10
12586,en_AU.ISO8859-15,11,10
12587,ro_RO.ISO8859-2,11,10
12588,de_AT.UTF-8,11,10
12589,pt_PT.ISO8859-15,11,10
12590,sv_SE,11,10
12591,fr_CA.ISO8859-1,11,10
12592,fr_BE.ISO8859-1,11,10
12593,en_US.ISO8859-15,11,10
12594,it_CH.ISO8859-1,11,10
12595,en_NZ.ISO8859-15,11,10
12596,en_AU.UTF-8,11,10
12597,de_AT.ISO8859-15,11,10
12598,af_ZA.ISO8859-1,11,10
12599,hu_HU.UTF-8,11,10
12600,et_EE.UTF-8,11,10
12601,he_IL.UTF-8,11,10
12602,uk_UA.KOI8-U,11,10
12603,be_BY,11,10
12604,kk_KZ,11,10
12605,hu_HU.ISO8859-2,11,10
12606,it_CH,11,10
12607,pt_BR,11,10
12608,ko_KR,11,10
12609,it_IT,11,10
12610,fr_BE.UTF-8,11,10
12611,ru_RU.ISO8859-5,11,10
12612,zh_TW,11,10
12613,zh_CN.GB2312,11,10
12614,no_NO.ISO8859-15,11,10
12615,de_DE.ISO8859-15,11,10
12616,en_CA,11,10
12617,fr_CH.UTF-8,11,10
12618,sl_SI.UTF-8,11,10
12619,uk_UA.ISO8859-5,11,10
12620,pt_PT,11,10
12621,hr_HR,11,10
12622,cs_CZ,11,10
12623,fr_CH,11,10
12624,he_IL,11,10
12625,fr_CA,11,10
12626,pl_PL.UTF-8,11,10
12627,sr_YU.ISO8859-5,11,10
12628,be_BY.CP1251,11,10
12629,sr_YU.ISO8859-2,11,10
12630,sv_SE.UTF-8,11,10
12631,sr_YU.UTF-8,11,10
12632,de_CH.UTF-8,11,10
12633,sl_SI,11,10
12634,pt_PT.UTF-8,11,10
12635,ro_RO,11,10
12636,ja_JP,11,10
12637,zh_CN,11,10
12638,fr_CH.ISO8859-1,11,10
12639,ko_KR.eucKR,11,10
12640,be_BY.ISO8859-5,11,10
12641,nl_NL.ISO8859-15,11,10
12642,en_GB.ISO8859-1,11,10
12643,is_IS.ISO8859-1,11,10
12644,ru_RU.CP866,11,10
12645,nl_NL,11,10
12646,fr_CA.ISO8859-15,11,10
12647,sv_SE.ISO8859-15,11,10
12648,hy_AM,11,10
12649,en_CA.ISO8859-15,11,10
12650,en_US.ISO8859-1,11,10
12651,ca_ES.UTF-8,11,10
12652,ru_RU.CP1251,11,10
12653,en_GB.UTF-8,11,10
12654,ru_RU.UTF-8,11,10
12655,eu_ES.UTF-8,11,10
12656,es_ES.ISO8859-1,11,10
12657,hu_HU,11,10
12658,el_GR.ISO8859-7,11,10
12659,en_AU,11,10
12660,it_CH.UTF-8,11,10
12661,en_GB,11,10
12662,sl_SI.ISO8859-2,11,10
12663,ru_RU.KOI8-R,11,10
12664,nl_BE.UTF-8,11,10
12665,et_EE,11,10
12666,fr_FR.ISO8859-15,11,10
12667,cs_CZ.ISO8859-2,11,10
12668,lt_LT.UTF-8,11,10
12669,pl_PL.ISO8859-2,11,10
12670,fr_BE.ISO8859-15,11,10
12671,is_IS.UTF-8,11,10
12672,tr_TR.ISO8859-9,11,10
12673,da_DK.ISO8859-1,11,10
12674,lt_LT.ISO8859-4,11,10
12675,lt_LT.ISO8859-13,11,10
12676,zh_TW.UTF-8,11,10
12677,bg_BG.CP1251,11,10
12678,el_GR.UTF-8,11,10
12679,da_DK.ISO8859-15,11,10
12680,is_IS.ISO8859-15,11,10
12681,no_NO.ISO8859-1,11,10
12682,nl_NL.ISO8859-1,11,10
12683,nl_BE.ISO8859-1,11,10
12684,sv_SE.ISO8859-1,11,10
12685,pt_BR.ISO8859-1,11,10
12686,zh_CN.eucCN,11,10
12687,it_IT.UTF-8,11,10
12688,en_CA.UTF-8,11,10
12689,uk_UA.UTF-8,11,10
12690,de_CH.ISO8859-15,11,10
12691,de_DE.ISO8859-1,11,10
12692,ca_ES,11,10
12693,sr_YU,11,10
12694,ru_RU,11,10
12695,zh_HK.UTF-8,11,10
12696,eu_ES.ISO8859-1,11,10
12697,is_IS,11,10
12698,bg_BG.UTF-8,11,10
12699,ja_JP.UTF-8,11,10
12700,it_CH.ISO8859-15,11,10
12701,fr_FR.UTF-8,11,10
12702,ko_KR.UTF-8,11,10
12703,et_EE.ISO8859-15,11,10
12704,kk_KZ.UTF-8,11,10
12705,ca_ES.ISO8859-15,11,10
12706,en_IE.UTF-8,11,10
12707,es_ES,11,10
12708,de_CH.ISO8859-1,11,10
12709,en_CA.ISO8859-1,11,10
12710,es_ES.ISO8859-15,11,10
12711,en_AU.ISO8859-1,11,10
12712,el_GR,11,10
12713,da_DK,11,10
12714,no_NO,11,10
12715,it_IT.ISO8859-1,11,10
12716,en_IE,11,10
12717,ja_JP.eucJP,11,10
12718,it_IT.ISO8859-15,11,10
12719,pl_PL,11,10
12720,fr_CA.UTF-8,11,10
12721,fi_FI.ISO8859-15,11,10
12722,en_GB.ISO8859-15,11,10
12723,fr_FR,11,10
12724,hy_AM.UTF-8,11,10
12725,no_NO.UTF-8,11,10
12726,es_ES.UTF-8,11,10
12727,de_AT,11,10
12728,tr_TR.UTF-8,11,10
12729,de_DE,11,10
12730,lt_LT,11,10
12731,tr_TR,11,10
12732,af_ZA,11,10
12733,af_ZA,11,10
12734,be_BY,11,10
12735,be_BY,11,10
12736,bg_BG,11,10
12737,ca_ES,11,10
12738,ca_ES,11,10
12739,cs_CZ,11,10
12740,da_DK,11,10
12741,da_DK,11,10
12742,de_AT,11,10
12743,de_AT,11,10
12744,de_CH,11,10
12745,de_CH,11,10
12746,de_DE,11,10
12747,de_DE,11,10
12748,el_GR,11,10
12749,en_AU,11,10
12750,en_AU,11,10
12751,en_CA,11,10
12752,en_CA,11,10
12753,en_GB,11,10
12754,en_GB,11,10
12755,en_NZ,11,10
12756,en_NZ,11,10
12757,en_US,11,10
12758,en_US,11,10
12759,es_ES,11,10
12760,es_ES,11,10
12761,et_EE,11,10
12762,eu_ES,11,10
12763,eu_ES,11,10
12764,fi_FI,11,10
12765,fi_FI,11,10
12766,fr_BE,11,10
12767,fr_BE,11,10
12768,fr_CA,11,10
12769,fr_CA,11,10
12770,fr_CH,11,10
12771,fr_CH,11,10
12772,fr_FR,11,10
12773,fr_FR,11,10
12774,hr_HR,11,10
12775,hu_HU,11,10
12776,is_IS,11,10
12777,is_IS,11,10
12778,it_CH,11,10
12779,it_CH,11,10
12780,it_IT,11,10
12781,it_IT,11,10
12782,ja_JP,11,10
12783,ko_KR,11,10
12784,lt_LT,11,10
12785,lt_LT,11,10
12786,nl_BE,11,10
12787,nl_BE,11,10
12788,nl_NL,11,10
12789,nl_NL,11,10
12790,no_NO,11,10
12791,no_NO,11,10
12792,pl_PL,11,10
12793,pt_BR,11,10
12794,pt_PT,11,10
12795,pt_PT,11,10
12796,ro_RO,11,10
12797,ru_RU,11,10
12798,ru_RU,11,10
12799,ru_RU,11,10
12800,ru_RU,11,10
12801,sk_SK,11,10
12802,sl_SI,11,10
12803,sr_YU,11,10
12804,sr_YU,11,10
12805,sv_SE,11,10
12806,sv_SE,11,10
12807,tr_TR,11,10
12808,uk_UA,11,10
12809,uk_UA,11,10
12810,zh_CN,11,10
12811,und-x-icu,11,10
12812,af-x-icu,11,10
12813,af-NA-x-icu,11,10
12814,af-ZA-x-icu,11,10
12815,agq-x-icu,11,10
12816,agq-CM-x-icu,11,10
12817,ak-x-icu,11,10
12818,ak-GH-x-icu,11,10
12819,am-x-icu,11,10
12820,am-ET-x-icu,11,10
12821,ar-x-icu,11,10
12822,ar-001-x-icu,11,10
12823,ar-AE-x-icu,11,10
12824,ar-BH-x-icu,11,10
12825,ar-DJ-x-icu,11,10
12826,ar-DZ-x-icu,11,10
12827,ar-EG-x-icu,11,10
12828,ar-EH-x-icu,11,10
12829,ar-ER-x-icu,11,10
12830,ar-IL-x-icu,11,10
12831,ar-IQ-x-icu,11,10
12832,ar-JO-x-icu,11,10
12833,ar-KM-x-icu,11,10
12834,ar-KW-x-icu,11,10
12835,ar-LB-x-icu,11,10
12836,ar-LY-x-icu,11,10
12837,ar-MA-x-icu,11,10
12838,ar-MR-x-icu,11,10
12839,ar-OM-x-icu,11,10
12840,ar-PS-x-icu,11,10
12841,ar-QA-x-icu,11,10
12842,ar-SA-x-icu,11,10
12843,ar-SD-x-icu,11,10
12844,ar-SO-x-icu,11,10
12845,ar-SS-x-icu,11,10
12846,ar-SY-x-icu,11,10
12847,ar-TD-x-icu,11,10
12848,ar-TN-x-icu,11,10
12849,ar-YE-x-icu,11,10
12850,as-x-icu,11,10
12851,as-IN-x-icu,11,10
12852,asa-x-icu,11,10
12853,asa-TZ-x-icu,11,10
12854,ast-x-icu,11,10
12855,ast-ES-x-icu,11,10
12856,az-x-icu,11,10
12857,az-Cyrl-x-icu,11,10
12858,az-Cyrl-AZ-x-icu,11,10
12859,az-Latn-x-icu,11,10
12860,az-Latn-AZ-x-icu,11,10
12861,bas-x-icu,11,10
12862,bas-CM-x-icu,11,10
12863,be-x-icu,11,10
12864,be-BY-x-icu,11,10
12865,bem-x-icu,11,10
12866,bem-ZM-x-icu,11,10
12867,bez-x-icu,11,10
12868,bez-TZ-x-icu,11,10
12869,bg-x-icu,11,10
12870,bg-BG-x-icu,11,10
12871,bm-x-icu,11,10
12872,bm-ML-x-icu,11,10
12873,bn-x-icu,11,10
12874,bn-BD-x-icu,11,10
12875,bn-IN-x-icu,11,10
12876,bo-x-icu,11,10
12877,bo-CN-x-icu,11,10
12878,bo-IN-x-icu,11,10
12879,br-x-icu,11,10
12880,br-FR-x-icu,11,10
12881,brx-x-icu,11,10
12882,brx-IN-x-icu,11,10
12883,bs-x-icu,11,10
12884,bs-Cyrl-x-icu,11,10
12885,bs-Cyrl-BA-x-icu,11,10
12886,bs-Latn-x-icu,11,10
12887,bs-Latn-BA-x-icu,11,10
12888,ca-x-icu,11,10
12889,ca-AD-x-icu,11,10
12890,ca-ES-x-icu,11,10
12891,ca-FR-x-icu,11,10
12892,ca-IT-x-icu,11,10
12893,ccp-x-icu,11,10
12894,ccp-BD-x-icu,11,10
12895,ccp-IN-x-icu,11,10
12896,ce-x-icu,11,10
12897,ce-RU-x-icu,11,10
12898,ceb-x-icu,11,10
12899,ceb-PH-x-icu,11,10
12900,cgg-x-icu,11,10
12901,cgg-UG-x-icu,11,10
12902,chr-x-icu,11,10
12903,chr-US-x-icu,11,10
12904,ckb-x-icu,11,10
12905,ckb-IQ-x-icu,11,10
12906,ckb-IR-x-icu,11,10
12907,cs-x-icu,11,10
12908,cs-CZ-x-icu,11,10
12909,cy-x-icu,11,10
12910,cy-GB-x-icu,11,10
12911,da-x-icu,11,10
12912,da-DK-x-icu,11,10
12913,da-GL-x-icu,11,10
12914,dav-x-icu,11,10
12915,dav-KE-x-icu,11,10
12916,de-x-icu,11,10
12917,de-AT-x-icu,11,10
12918,de-BE-x-icu,11,10
12919,de-CH-x-icu,11,10
12920,de-DE-x-icu,11,10
12921,de-IT-x-icu,11,10
12922,de-LI-x-icu,11,10
12923,de-LU-x-icu,11,10
12924,dje-x-icu,11,10
12925,dje-NE-x-icu,11,10
12926,doi-x-icu,11,10
12927,doi-IN-x-icu,11,10
12928,dsb-x-icu,11,10
12929,dsb-DE-x-icu,11,10
12930,dua-x-icu,11,10
12931,dua-CM-x-icu,11,10
12932,dyo-x-icu,11,10
12933,dyo-SN-x-icu,11,10
12934,dz-x-icu,11,10
12935,dz-BT-x-icu,11,10
12936,ebu-x-icu,11,10
12937,ebu-KE-x-icu,11,10
12938,ee-x-icu,11,10
12939,ee-GH-x-icu,11,10
12940,ee-TG-x-icu,11,10
12941,el-x-icu,11,10
12942,el-CY-x-icu,11,10
12943,el-GR-x-icu,11,10
12944,en-x-icu,11,10
12945,en-001-x-icu,11,10
12946,en-150-x-icu,11,10
12947,en-AE-x-icu,11,10
12948,en-AG-x-icu,11,10
12949,en-AI-x-icu,11,10
12950,en-AS-x-icu,11,10
12951,en-AT-x-icu,11,10
12952,en-AU-x-icu,11,10
12953,en-BB-x-icu,11,10
12954,en-BE-x-icu,11,10
12955,en-BI-x-icu,11,10
12956,en-BM-x-icu,11,10
12957,en-BS-x-icu,11,10
12958,en-BW-x-icu,11,10
12959,en-BZ-x-icu,11,10
12960,en-CA-x-icu,11,10
12961,en-CC-x-icu,11,10
12962,en-CH-x-icu,11,10
12963,en-CK-x-icu,11,10
12964,en-CM-x-icu,11,10
12965,en-CX-x-icu,11,10
12966,en-CY-x-icu,11,10
12967,en-DE-x-icu,11,10
12968,en-DG-x-icu,11,10
12969,en-DK-x-icu,11,10
12970,en-DM-x-icu,11,10
12971,en-ER-x-icu,11,10
12972,en-FI-x-icu,11,10
12973,en-FJ-x-icu,11,10
12974,en-FK-x-icu,11,10
12975,en-FM-x-icu,11,10
12976,en-GB-x-icu,11,10
12977,en-GD-x-icu,11,10
12978,en-GG-x-icu,11,10
12979,en-GH-x-icu,11,10
12980,en-GI-x-icu,11,10
12981,en-GM-x-icu,11,10
12982,en-GU-x-icu,11,10
12983,en-GY-x-icu,11,10
12984,en-HK-x-icu,11,10
12985,en-IE-x-icu,11,10
12986,en-IL-x-icu,11,10
12987,en-IM-x-icu,11,10
12988,en-IN-x-icu,11,10
12989,en-IO-x-icu,11,10
12990,en-JE-x-icu,11,10
12991,en-JM-x-icu,11,10
12992,en-KE-x-icu,11,10
12993,en-KI-x-icu,11,10
12994,en-KN-x-icu,11,10
12995,en-KY-x-icu,11,10
12996,en-LC-x-icu,11,10
12997,en-LR-x-icu,11,10
12998,en-LS-x-icu,11,10
12999,en-MG-x-icu,11,10
13000,en-MH-x-icu,11,10
13001,en-MO-x-icu,11,10
13002,en-MP-x-icu,11,10
13003,en-MS-x-icu,11,10
13004,en-MT-x-icu,11,10
13005,en-MU-x-icu,11,10
13006,en-MW-x-icu,11,10
13007,en-MY-x-icu,11,10
13008,en-NA-x-icu,11,10
13009,en-NF-x-icu,11,10
13010,en-NG-x-icu,11,10
13011,en-NL-x-icu,11,10
13012,en-NR-x-icu,11,10
13013,en-NU-x-icu,11,10
13014,en-NZ-x-icu,11,10
13015,en-PG-x-icu,11,10
13016,en-PH-x-icu,11,10
13017,en-PK-x-icu,11,10
13018,en-PN-x-icu,11,10
13019,en-PR-x-icu,11,10
13020,en-PW-x-icu,11,10
13021,en-RW-x-icu,11,10
13022,en-SB-x-icu,11,10
13023,en-SC-x-icu,11,10
13024,en-SD-x-icu,11,10
13025,en-SE-x-icu,11,10
13026,en-SG-x-icu,11,10
13027,en-SH-x-icu,11,10
13028,en-SI-x-icu,11,10
13029,en-SL-x-icu,11,10
13030,en-SS-x-icu,11,10
13031,en-SX-x-icu,11,10
13032,en-SZ-x-icu,11,10
13033,en-TC-x-icu,11,10
13034,en-TK-x-icu,11,10
13035,en-TO-x-icu,11,10
13036,en-TT-x-icu,11,10
13037,en-TV-x-icu,11,10
13038,en-TZ-x-icu,11,10
13039,en-UG-x-icu,11,10
13040,en-UM-x-icu,11,10
13041,en-US-x-icu,11,10
13042,en-US-u-va-posix-x-icu,11,10
13043,en-VC-x-icu,11,10
13044,en-VG-x-icu,11,10
13045,en-VI-x-icu,11,10
13046,en-VU-x-icu,11,10
13047,en-WS-x-icu,11,10
13048,en-ZA-x-icu,11,10
13049,en-ZM-x-icu,11,10
13050,en-ZW-x-icu,11,10
13051,eo-x-icu,11,10
13052,eo-001-x-icu,11,10
13053,es-x-icu,11,10
13054,es-419-x-icu,11,10
13055,es-AR-x-icu,11,10
13056,es-BO-x-icu,11,10
13057,es-BR-x-icu,11,10
13058,es-BZ-x-icu,11,10
13059,es-CL-x-icu,11,10
13060,es-CO-x-icu,11,10
13061,es-CR-x-icu,11,10
13062,es-CU-x-icu,11,10
13063,es-DO-x-icu,11,10
13064,es-EA-x-icu,11,10
13065,es-EC-x-icu,11,10
13066,es-ES-x-icu,11,10
13067,es-GQ-x-icu,11,10
13068,es-GT-x-icu,11,10
13069,es-HN-x-icu,11,10
13070,es-IC-x-icu,11,10
13071,es-MX-x-icu,11,10
13072,es-NI-x-icu,11,10
13073,es-PA-x-icu,11,10
13074,es-PE-x-icu,11,10
13075,es-PH-x-icu,11,10
13076,es-PR-x-icu,11,10
13077,es-PY-x-icu,11,10
13078,es-SV-x-icu,11,10
13079,es-US-x-icu,11,10
13080,es-UY-x-icu,11,10
13081,es-VE-x-icu,11,10
13082,et-x-icu,11,10
13083,et-EE-x-icu,11,10
13084,eu-x-icu,11,10
13085,eu-ES-x-icu,11,10
13086,ewo-x-icu,11,10
13087,ewo-CM-x-icu,11,10
13088,fa-x-icu,11,10
13089,fa-AF-x-icu,11,10
13090,fa-IR-x-icu,11,10
13091,ff-x-icu,11,10
13092,ff-Adlm-x-icu,11,10
13093,ff-Adlm-BF-x-icu,11,10
13094,ff-Adlm-CM-x-icu,11,10
13095,ff-Adlm-GH-x-icu,11,10
13096,ff-Adlm-GM-x-icu,11,10
13097,ff-Adlm-GN-x-icu,11,10
13098,ff-Adlm-GW-x-icu,11,10
13099,ff-Adlm-LR-x-icu,11,10
13100,ff-Adlm-MR-x-icu,11,10
13101,ff-Adlm-NE-x-icu,11,10
13102,ff-Adlm-NG-x-icu,11,10
13103,ff-Adlm-SL-x-icu,11,10
13104,ff-Adlm-SN-x-icu,11,10
13105,ff-Latn-x-icu,11,10
13106,ff-Latn-BF-x-icu,11,10
13107,ff-Latn-CM-x-icu,11,10
13108,ff-Latn-GH-x-icu,11,10
13109,ff-Latn-GM-x-icu,11,10
13110,ff-Latn-GN-x-icu,11,10
13111,ff-Latn-GW-x-icu,11,10
13112,ff-Latn-LR-x-icu,11,10
13113,ff-Latn-MR-x-icu,11,10
13114,ff-Latn-NE-x-icu,11,10
13115,ff-Latn-NG-x-icu,11,10
13116,ff-Latn-SL-x-icu,11,10
13117,ff-Latn-SN-x-icu,11,10
13118,fi-x-icu,11,10
13119,fi-FI-x-icu,11,10
13120,fil-x-icu,11,10
13121,fil-PH-x-icu,11,10
13122,fo-x-icu,11,10
13123,fo-DK-x-icu,11,10
13124,fo-FO-x-icu,11,10
13125,fr-x-icu,11,10
13126,fr-BE-x-icu,11,10
13127,fr-BF-x-icu,11,10
13128,fr-BI-x-icu,11,10
13129,fr-BJ-x-icu,11,10
13130,fr-BL-x-icu,11,10
13131,fr-CA-x-icu,11,10
13132,fr-CD-x-icu,11,10
13133,fr-CF-x-icu,11,10
13134,fr-CG-x-icu,11,10
13135,fr-CH-x-icu,11,10
13136,fr-CI-x-icu,11,10
13137,fr-CM-x-icu,11,10
13138,fr-DJ-x-icu,11,10
13139,fr-DZ-x-icu,11,10
13140,fr-FR-x-icu,11,10
13141,fr-GA-x-icu,11,10
13142,fr-GF-x-icu,11,10
13143,fr-GN-x-icu,11,10
13144,fr-GP-x-icu,11,10
13145,fr-GQ-x-icu,11,10
13146,fr-HT-x-icu,11,10
13147,fr-KM-x-icu,11,10
13148,fr-LU-x-icu,11,10
13149,fr-MA-x-icu,11,10
13150,fr-MC-x-icu,11,10
13151,fr-MF-x-icu,11,10
13152,fr-MG-x-icu,11,10
13153,fr-ML-x-icu,11,10
13154,fr-MQ-x-icu,11,10
13155,fr-MR-x-icu,11,10
13156,fr-MU-x-icu,11,10
13157,fr-NC-x-icu,11,10
13158,fr-NE-x-icu,11,10
13159,fr-PF-x-icu,11,10
13160,fr-PM-x-icu,11,10
13161,fr-RE-x-icu,11,10
13162,fr-RW-x-icu,11,10
13163,fr-SC-x-icu,11,10
13164,fr-SN-x-icu,11,10
13165,fr-SY-x-icu,11,10
13166,fr-TD-x-icu,11,10
13167,fr-TG-x-icu,11,10
13168,fr-TN-x-icu,11,10
13169,fr-VU-x-icu,11,10
13170,fr-WF-x-icu,11,10
13171,fr-YT-x-icu,11,10
13172,fur-x-icu,11,10
13173,fur-IT-x-icu,11,10
13174,fy-x-icu,11,10
13175,fy-NL-x-icu,11,10
13176,ga-x-icu,11,10
13177,ga-GB-x-icu,11,10
13178,ga-IE-x-icu,11,10
13179,gd-x-icu,11,10
13180,gd-GB-x-icu,11,10
13181,gl-x-icu,11,10
13182,gl-ES-x-icu,11,10
13183,gsw-x-icu,11,10
13184,gsw-CH-x-icu,11,10
13185,gsw-FR-x-icu,11,10
13186,gsw-LI-x-icu,11,10
13187,gu-x-icu,11,10
13188,gu-IN-x-icu,11,10
13189,guz-x-icu,11,10
13190,guz-KE-x-icu,11,10
13191,gv-x-icu,11,10
13192,gv-IM-x-icu,11,10
13193,ha-x-icu,11,10
13194,ha-GH-x-icu,11,10
13195,ha-NE-x-icu,11,10
13196,ha-NG-x-icu,11,10
13197,haw-x-icu,11,10
13198,haw-US-x-icu,11,10
13199,he-x-icu,11,10
13200,he-IL-x-icu,11,10
13201,hi-x-icu,11,10
13202,hi-IN-x-icu,11,10
13203,hr-x-icu,11,10
13204,hr-BA-x-icu,11,10
13205,hr-HR-x-icu,11,10
13206,hsb-x-icu,11,10
13207,hsb-DE-x-icu,11,10
13208,hu-x-icu,11,10
13209,hu-HU-x-icu,11,10
13210,hy-x-icu,11,10
13211,hy-AM-x-icu,11,10
13212,ia-x-icu,11,10
13213,ia-001-x-icu,11,10
13214,id-x-icu,11,10
13215,id-ID-x-icu,11,10
13216,ig-x-icu,11,10
13217,ig-NG-x-icu,11,10
13218,ii-x-icu,11,10
13219,ii-CN-x-icu,11,10
13220,is-x-icu,11,10
13221,is-IS-x-icu,11,10
13222,it-x-icu,11,10
13223,it-CH-x-icu,11,10
13224,it-IT-x-icu,11,10
13225,it-SM-x-icu,11,10
13226,it-VA-x-icu,11,10
13227,ja-x-icu,11,10
13228,ja-JP-x-icu,11,10
13229,jgo-x-icu,11,10
13230,jgo-CM-x-icu,11,10
13231,jmc-x-icu,11,10
13232,jmc-TZ-x-icu,11,10
13233,jv-x-icu,11,10
13234,jv-ID-x-icu,11,10
13235,ka-x-icu,11,10
13236,ka-GE-x-icu,11,10
13237,kab-x-icu,11,10
13238,kab-DZ-x-icu,11,10
13239,kam-x-icu,11,10
13240,kam-KE-x-icu,11,10
13241,kde-x-icu,11,10
13242,kde-TZ-x-icu,11,10
13243,kea-x-icu,11,10
13244,kea-CV-x-icu,11,10
13245,khq-x-icu,11,10
13246,khq-ML-x-icu,11,10
13247,ki-x-icu,11,10
13248,ki-KE-x-icu,11,10
13249,kk-x-icu,11,10
13250,kk-KZ-x-icu,11,10
13251,kkj-x-icu,11,10
13252,kkj-CM-x-icu,11,10
13253,kl-x-icu,11,10
13254,kl-GL-x-icu,11,10
13255,kln-x-icu,11,10
13256,kln-KE-x-icu,11,10
13257,km-x-icu,11,10
13258,km-KH-x-icu,11,10
13259,kn-x-icu,11,10
13260,kn-IN-x-icu,11,10
13261,ko-x-icu,11,10
13262,ko-KP-x-icu,11,10
13263,ko-KR-x-icu,11,10
13264,kok-x-icu,11,10
13265,kok-IN-x-icu,11,10
13266,ks-x-icu,11,10
13267,ks-Arab-x-icu,11,10
13268,ks-Arab-IN-x-icu,11,10
13269,ksb-x-icu,11,10
13270,ksb-TZ-x-icu,11,10
13271,ksf-x-icu,11,10
13272,ksf-CM-x-icu,11,10
13273,ksh-x-icu,11,10
13274,ksh-DE-x-icu,11,10
13275,ku-x-icu,11,10
13276,ku-TR-x-icu,11,10
13277,kw-x-icu,11,10
13278,kw-GB-x-icu,11,10
13279,ky-x-icu,11,10
13280,ky-KG-x-icu,11,10
13281,lag-x-icu,11,10
13282,lag-TZ-x-icu,11,10
13283,lb-x-icu,11,10
13284,lb-LU-x-icu,11,10
13285,lg-x-icu,11,10
13286,lg-UG-x-icu,11,10
13287,lkt-x-icu,11,10
13288,lkt-US-x-icu,11,10
13289,ln-x-icu,11,10
13290,ln-AO-x-icu,11,10
13291,ln-CD-x-icu,11,10
13292,ln-CF-x-icu,11,10
13293,ln-CG-x-icu,11,10
13294,lo-x-icu,11,10
13295,lo-LA-x-icu,11,10
13296,lrc-x-icu,11,10
13297,lrc-IQ-x-icu,11,10
13298,lrc-IR-x-icu,11,10
13299,lt-x-icu,11,10
13300,lt-LT-x-icu,11,10
13301,lu-x-icu,11,10
13302,lu-CD-x-icu,11,10
13303,luo-x-icu,11,10
13304,luo-KE-x-icu,11,10
13305,luy-x-icu,11,10
13306,luy-KE-x-icu,11,10
13307,lv-x-icu,11,10
13308,lv-LV-x-icu,11,10
13309,mai-x-icu,11,10
13310,mai-IN-x-icu,11,10
13311,mas-x-icu,11,10
13312,mas-KE-x-icu,11,10
13313,mas-TZ-x-icu,11,10
13314,mer-x-icu,11,10
13315,mer-KE-x-icu,11,10
13316,mfe-x-icu,11,10
13317,mfe-MU-x-icu,11,10
13318,mg-x-icu,11,10
13319,mg-MG-x-icu,11,10
13320,mgh-x-icu,11,10
13321,mgh-MZ-x-icu,11,10
13322,mgo-x-icu,11,10
13323,mgo-CM-x-icu,11,10
13324,mi-x-icu,11,10
13325,mi-NZ-x-icu,11,10
13326,mk-x-icu,11,10
13327,mk-MK-x-icu,11,10
13328,ml-x-icu,11,10
13329,ml-IN-x-icu,11,10
13330,mn-x-icu,11,10
13331,mn-MN-x-icu,11,10
13332,mni-x-icu,11,10
13333,mni-Beng-x-icu,11,10
13334,mni-Beng-IN-x-icu,11,10
13335,mr-x-icu,11,10
13336,mr-IN-x-icu,11,10
13337,ms-x-icu,11,10
13338,ms-BN-x-icu,11,10
13339,ms-ID-x-icu,11,10
13340,ms-MY-x-icu,11,10
13341,ms-SG-x-icu,11,10
13342,mt-x-icu,11,10
13343,mt-MT-x-icu,11,10
13344,mua-x-icu,11,10
13345,mua-CM-x-icu,11,10
13346,my-x-icu,11,10
13347,my-MM-x-icu,11,10
13348,mzn-x-icu,11,10
13349,mzn-IR-x-icu,11,10
13350,naq-x-icu,11,10
13351,naq-NA-x-icu,11,10
13352,nb-x-icu,11,10
13353,nb-NO-x-icu,11,10
13354,nb-SJ-x-icu,11,10
13355,nd-x-icu,11,10
13356,nd-ZW-x-icu,11,10
13357,ne-x-icu,11,10
13358,ne-IN-x-icu,11,10
13359,ne-NP-x-icu,11,10
13360,nl-x-icu,11,10
13361,nl-AW-x-icu,11,10
13362,nl-BE-x-icu,11,10
13363,nl-BQ-x-icu,11,10
13364,nl-CW-x-icu,11,10
13365,nl-NL-x-icu,11,10
13366,nl-SR-x-icu,11,10
13367,nl-SX-x-icu,11,10
13368,nmg-x-icu,11,10
13369,nmg-CM-x-icu,11,10
13370,nn-x-icu,11,10
13371,nn-NO-x-icu,11,10
13372,nnh-x-icu,11,10
13373,nnh-CM-x-icu,11,10
13374,no-x-icu,11,10
13375,nus-x-icu,11,10
13376,nus-SS-x-icu,11,10
13377,nyn-x-icu,11,10
13378,nyn-UG-x-icu,11,10
13379,om-x-icu,11,10
13380,om-ET-x-icu,11,10
13381,om-KE-x-icu,11,10
13382,or-x-icu,11,10
13383,or-IN-x-icu,11,10
13384,os-x-icu,11,10
13385,os-GE-x-icu,11,10
13386,os-RU-x-icu,11,10
13387,pa-x-icu,11,10
13388,pa-Arab-x-icu,11,10
13389,pa-Arab-PK-x-icu,11,10
13390,pa-Guru-x-icu,11,10
13391,pa-Guru-IN-x-icu,11,10
13392,pcm-x-icu,11,10
13393,pcm-NG-x-icu,11,10
13394,pl-x-icu,11,10
13395,pl-PL-x-icu,11,10
13396,ps-x-icu,11,10
13397,ps-AF-x-icu,11,10
13398,ps-PK-x-icu,11,10
13399,pt-x-icu,11,10
13400,pt-AO-x-icu,11,10
13401,pt-BR-x-icu,11,10
13402,pt-CH-x-icu,11,10
13403,pt-CV-x-icu,11,10
13404,pt-GQ-x-icu,11,10
13405,pt-GW-x-icu,11,10
13406,pt-LU-x-icu,11,10
13407,pt-MO-x-icu,11,10
13408,pt-MZ-x-icu,11,10
13409,pt-PT-x-icu,11,10
13410,pt-ST-x-icu,11,10
13411,pt-TL-x-icu,11,10
13412,qu-x-icu,11,10
13413,qu-BO-x-icu,11,10
13414,qu-EC-x-icu,11,10
13415,qu-PE-x-icu,11,10
13416,rm-x-icu,11,10
13417,rm-CH-x-icu,11,10
13418,rn-x-icu,11,10
13419,rn-BI-x-icu,11,10
13420,ro-x-icu,11,10
13421,ro-MD-x-icu,11,10
13422,ro-RO-x-icu,11,10
13423,rof-x-icu,11,10
13424,rof-TZ-x-icu,11,10
13425,ru-x-icu,11,10
13426,ru-BY-x-icu,11,10
13427,ru-KG-x-icu,11,10
13428,ru-KZ-x-icu,11,10
13429,ru-MD-x-icu,11,10
13430,ru-RU-x-icu,11,10
13431,ru-UA-x-icu,11,10
13432,rw-x-icu,11,10
13433,rw-RW-x-icu,11,10
13434,rwk-x-icu,11,10
13435,rwk-TZ-x-icu,11,10
13436,sa-x-icu,11,10
13437,sa-IN-x-icu,11,10
13438,sah-x-icu,11,10
13439,sah-RU-x-icu,11,10
13440,saq-x-icu,11,10
13441,saq-KE-x-icu,11,10
13442,sat-x-icu,11,10
13443,sat-Olck-x-icu,11,10
13444,sat-Olck-IN-x-icu,11,10
13445,sbp-x-icu,11,10
13446,sbp-TZ-x-icu,11,10
13447,sd-x-icu,11,10
13448,sd-Arab-x-icu,11,10
13449,sd-Arab-PK-x-icu,11,10
13450,sd-Deva-x-icu,11,10
13451,sd-Deva-IN-x-icu,11,10
13452,se-x-icu,11,10
13453,se-FI-x-icu,11,10
13454,se-NO-x-icu,11,10
13455,se-SE-x-icu,11,10
13456,seh-x-icu,11,10
13457,seh-MZ-x-icu,11,10
13458,ses-x-icu,11,10
13459,ses-ML-x-icu,11,10
13460,sg-x-icu,11,10
13461,sg-CF-x-icu,11,10
13462,shi-x-icu,11,10
13463,shi-Latn-x-icu,11,10
13464,shi-Latn-MA-x-icu,11,10
13465,shi-Tfng-x-icu,11,10
13466,shi-Tfng-MA-x-icu,11,10
13467,si-x-icu,11,10
13468,si-LK-x-icu,11,10
13469,sk-x-icu,11,10
13470,sk-SK-x-icu,11,10
13471,sl-x-icu,11,10
13472,sl-SI-x-icu,11,10
13473,smn-x-icu,11,10
13474,smn-FI-x-icu,11,10
13475,sn-x-icu,11,10
13476,sn-ZW-x-icu,11,10
13477,so-x-icu,11,10
13478,so-DJ-x-icu,11,10
13479,so-ET-x-icu,11,10
13480,so-KE-x-icu,11,10
13481,so-SO-x-icu,11,10
13482,sq-x-icu,11,10
13483,sq-AL-x-icu,11,10
13484,sq-MK-x-icu,11,10
13485,sq-XK-x-icu,11,10
13486,sr-x-icu,11,10
13487,sr-Cyrl-x-icu,11,10
13488,sr-Cyrl-BA-x-icu,11,10
13489,sr-Cyrl-ME-x-icu,11,10
13490,sr-Cyrl-RS-x-icu,11,10
13491,sr-Cyrl-XK-x-icu,11,10
13492,sr-Latn-x-icu,11,10
13493,sr-Latn-BA-x-icu,11,10
13494,sr-Latn-ME-x-icu,11,10
13495,sr-Latn-RS-x-icu,11,10
13496,sr-Latn-XK-x-icu,11,10
13497,su-x-icu,11,10
13498,su-Latn-x-icu,11,10
13499,su-Latn-ID-x-icu,11,10
13500,sv-x-icu,11,10
13501,sv-AX-x-icu,11,10
13502,sv-FI-x-icu,11,10
13503,sv-SE-x-icu,11,10
13504,sw-x-icu,11,10
13505,sw-CD-x-icu,11,10
13506,sw-KE-x-icu,11,10
13507,sw-TZ-x-icu,11,10
13508,sw-UG-x-icu,11,10
13509,ta-x-icu,11,10
13510,ta-IN-x-icu,11,10
13511,ta-LK-x-icu,11,10
13512,ta-MY-x-icu,11,10
13513,ta-SG-x-icu,11,10
13514,te-x-icu,11,10
13515,te-IN-x-icu,11,10
13516,teo-x-icu,11,10
13517,teo-KE-x-icu,11,10
13518,teo-UG-x-icu,11,10
13519,tg-x-icu,11,10
13520,tg-TJ-x-icu,11,10
13521,th-x-icu,11,10
13522,th-TH-x-icu,11,10
13523,ti-x-icu,11,10
13524,ti-ER-x-icu,11,10
13525,ti-ET-x-icu,11,10
13526,tk-x-icu,11,10
13527,tk-TM-x-icu,11,10
13528,to-x-icu,11,10
13529,to-TO-x-icu,11,10
13530,tr-x-icu,11,10
13531,tr-CY-x-icu,11,10
13532,tr-TR-x-icu,11,10
13533,tt-x-icu,11,10
13534,tt-RU-x-icu,11,10
13535,twq-x-icu,11,10
13536,twq-NE-x-icu,11,10
13537,tzm-x-icu,11,10
13538,tzm-MA-x-icu,11,10
13539,ug-x-icu,11,10
13540,ug-CN-x-icu,11,10
13541,uk-x-icu,11,10
13542,uk-UA-x-icu,11,10
13543,ur-x-icu,11,10
13544,ur-IN-x-icu,11,10
13545,ur-PK-x-icu,11,10
13546,uz-x-icu,11,10
13547,uz-Arab-x-icu,11,10
13548,uz-Arab-AF-x-icu,11,10
13549,uz-Cyrl-x-icu,11,10
13550,uz-Cyrl-UZ-x-icu,11,10
13551,uz-Latn-x-icu,11,10
13552,uz-Latn-UZ-x-icu,11,10
13553,vai-x-icu,11,10
13554,vai-Latn-x-icu,11,10
13555,vai-Latn-LR-x-icu,11,10
13556,vai-Vaii-x-icu,11,10
13557,vai-Vaii-LR-x-icu,11,10
13558,vi-x-icu,11,10
13559,vi-VN-x-icu,11,10
13560,vun-x-icu,11,10
13561,vun-TZ-x-icu,11,10
13562,wae-x-icu,11,10
13563,wae-CH-x-icu,11,10
13564,wo-x-icu,11,10
13565,wo-SN-x-icu,11,10
13566,xh-x-icu,11,10
13567,xh-ZA-x-icu,11,10
13568,xog-x-icu,11,10
13569,xog-UG-x-icu,11,10
13570,yav-x-icu,11,10
13571,yav-CM-x-icu,11,10
13572,yi-x-icu,11,10
13573,yi-001-x-icu,11,10
13574,yo-x-icu,11,10
13575,yo-BJ-x-icu,11,10
13576,yo-NG-x-icu,11,10
13577,yue-x-icu,11,10
13578,yue-Hans-x-icu,11,10
13579,yue-Hans-CN-x-icu,11,10
13580,yue-Hant-x-icu,11,10
13581,yue-Hant-HK-x-icu,11,10
13582,zgh-x-icu,11,10
13583,zgh-MA-x-icu,11,10
13584,zh-x-icu,11,10
13585,zh-Hans-x-icu,11,10
13586,zh-Hans-CN-x-icu,11,10
13587,zh-Hans-HK-x-icu,11,10
13588,zh-Hans-MO-x-icu,11,10
13589,zh-Hans-SG-x-icu,11,10
13590,zh-Hant-x-icu,11,10
13591,zh-Hant-HK-x-icu,11,10
13592,zh-Hant-MO-x-icu,11,10
13593,zh-Hant-TW-x-icu,11,10
13594,zu-x-icu,11,10
13595,zu-ZA-x-icu,11,10
