oid,typname,typtype,typcategory,typlen,typelem,typarray,typrelid,typbasetype,typnamespace,typsend,typreceive,typoutput,typinput,typalign,typdelim,typnotnull,typcollation,fmt
16,bool,b,B,1,0,1000,0,0,11,boolsend,boolrecv,boolout,boolin,c,",",f,0,boolean
17,bytea,b,U,-1,0,1001,0,0,11,byteasend,bytearecv,byteaout,byteain,i,",",f,0,bytea
18,char,b,S,1,0,1002,0,0,11,charsend,charrecv,charout,charin,c,",",f,0,"""char"""
19,name,b,S,64,18,1003,0,0,11,namesend,namerecv,nameout,namein,c,",",f,950,name
20,int8,b,N,8,0,1016,0,0,11,int8send,int8recv,int8out,int8in,d,",",f,0,bigint
21,int2,b,N,2,0,1005,0,0,11,int2send,int2recv,int2out,int2in,s,",",f,0,smallint
22,int2vector,b,A,-1,21,1006,0,0,11,int2vectorsend,int2vectorrecv,int2vectorout,int2vectorin,i,",",f,0,int2vector
23,int4,b,N,4,0,1007,0,0,11,int4send,int4recv,int4out,int4in,i,",",f,0,integer
24,regproc,b,N,4,0,1008,0,0,11,regprocsend,regprocrecv,regprocout,regprocin,i,",",f,0,regproc
25,text,b,S,-1,0,1009,0,0,11,textsend,textrecv,textout,textin,i,",",f,100,text
26,oid,b,N,4,0,1028,0,0,11,oidsend,oidrecv,oidout,oidin,i,",",f,0,oid
27,tid,b,U,6,0,1010,0,0,11,tidsend,tidrecv,tidout,tidin,s,",",f,0,tid
28,xid,b,U,4,0,1011,0,0,11,xidsend,xidrecv,xidout,xidin,i,",",f,0,xid
29,cid,b,U,4,0,1012,0,0,11,cidsend,cidrecv,cidout,cidin,i,",",f,0,cid
30,oidvector,b,A,-1,26,1013,0,0,11,oidvectorsend,oidvectorrecv,oidvectorout,oidvectorin,i,",",f,0,oidvector
71,pg_type,c,C,-1,0,210,1247,0,11,record_send,record_recv,record_out,record_in,d,",",f,0,pg_type
75,pg_attribute,c,C,-1,0,270,1249,0,11,record_send,record_recv,record_out,record_in,d,",",f,0,pg_attribute
81,pg_proc,c,C,-1,0,272,1255,0,11,record_send,record_recv,record_out,record_in,d,",",f,0,pg_proc
83,pg_class,c,C,-1,0,273,1259,0,11,record_send,record_recv,record_out,record_in,d,",",f,0,pg_class
114,json,b,U,-1,0,199,0,0,11,json_send,json_recv,json_out,json_in,i,",",f,0,json
142,xml,b,U,-1,0,143,0,0,11,xml_send,xml_recv,xml_out,xml_in,i,",",f,0,xml
194,pg_node_tree,b,S,-1,0,0,0,0,11,pg_node_tree_send,pg_node_tree_recv,pg_node_tree_out,pg_node_tree_in,i,",",f,100,pg_node_tree
3361,pg_ndistinct,b,S,-1,0,0,0,0,11,pg_ndistinct_send,pg_ndistinct_recv,pg_ndistinct_out,pg_ndistinct_in,i,",",f,100,pg_ndistinct
3402,pg_dependencies,b,S,-1,0,0,0,0,11,pg_dependencies_send,pg_dependencies_recv,pg_dependencies_out,pg_dependencies_in,i,",",f,100,pg_dependencies
5017,pg_mcv_list,b,S,-1,0,0,0,0,11,pg_mcv_list_send,pg_mcv_list_recv,pg_mcv_list_out,pg_mcv_list_in,i,",",f,100,pg_mcv_list
32,pg_ddl_command,p,P,8,0,0,0,0,11,pg_ddl_command_send,pg_ddl_command_recv,pg_ddl_command_out,pg_ddl_command_in,d,",",f,0,pg_ddl_command
5069,xid8,b,U,8,0,271,0,0,11,xid8send,xid8recv,xid8out,xid8in,d,",",f,0,xid8
600,point,b,G,16,701,1017,0,0,11,point_send,point_recv,point_out,point_in,d,",",f,0,point
601,lseg,b,G,32,600,1018,0,0,11,lseg_send,lseg_recv,lseg_out,lseg_in,d,",",f,0,lseg
602,path,b,G,-1,0,1019,0,0,11,path_send,path_recv,path_out,path_in,d,",",f,0,path
603,box,b,G,32,600,1020,0,0,11,box_send,box_recv,box_out,box_in,d,;,f,0,box
604,polygon,b,G,-1,0,1027,0,0,11,poly_send,poly_recv,poly_out,poly_in,d,",",f,0,polygon
628,line,b,G,24,701,629,0,0,11,line_send,line_recv,line_out,line_in,d,",",f,0,line
700,float4,b,N,4,0,1021,0,0,11,float4send,float4recv,float4out,float4in,i,",",f,0,real
701,float8,b,N,8,0,1022,0,0,11,float8send,float8recv,float8out,float8in,d,",",f,0,double precision
705,unknown,p,X,-2,0,0,0,0,11,unknownsend,unknownrecv,unknownout,unknownin,c,",",f,0,unknown
718,circle,b,G,24,0,719,0,0,11,circle_send,circle_recv,circle_out,circle_in,d,",",f,0,circle
790,money,b,N,8,0,791,0,0,11,cash_send,cash_recv,cash_out,cash_in,d,",",f,0,money
829,macaddr,b,U,6,0,1040,0,0,11,macaddr_send,macaddr_recv,macaddr_out,macaddr_in,i,",",f,0,macaddr
869,inet,b,I,-1,0,1041,0,0,11,inet_send,inet_recv,inet_out,inet_in,i,",",f,0,inet
650,cidr,b,I,-1,0,651,0,0,11,cidr_send,cidr_recv,cidr_out,cidr_in,i,",",f,0,cidr
774,macaddr8,b,U,8,0,775,0,0,11,macaddr8_send,macaddr8_recv,macaddr8_out,macaddr8_in,i,",",f,0,macaddr8
1033,aclitem,b,U,12,0,1034,0,0,11,-,-,aclitemout,aclitemin,i,",",f,0,aclitem
1042,bpchar,b,S,-1,0,1014,0,0,11,bpcharsend,bpcharrecv,bpcharout,bpcharin,i,",",f,100,character
1043,varchar,b,S,-1,0,1015,0,0,11,varcharsend,varcharrecv,varcharout,varcharin,i,",",f,100,character varying
1082,date,b,D,4,0,1182,0,0,11,date_send,date_recv,date_out,date_in,i,",",f,0,date
1083,time,b,D,8,0,1183,0,0,11,time_send,time_recv,time_out,time_in,d,",",f,0,time without time zone
1114,timestamp,b,D,8,0,1115,0,0,11,timestamp_send,timestamp_recv,timestamp_out,timestamp_in,d,",",f,0,timestamp without time zone
1184,timestamptz,b,D,8,0,1185,0,0,11,timestamptz_send,timestamptz_recv,timestamptz_out,timestamptz_in,d,",",f,0,timestamp with time zone
1186,interval,b,T,16,0,1187,0,0,11,interval_send,interval_recv,interval_out,interval_in,d,",",f,0,interval
1266,timetz,b,D,12,0,1270,0,0,11,timetz_send,timetz_recv,timetz_out,timetz_in,d,",",f,0,time with time zone
1560,bit,b,V,-1,0,1561,0,0,11,bit_send,bit_recv,bit_out,bit_in,i,",",f,0,bit
1562,varbit,b,V,-1,0,1563,0,0,11,varbit_send,varbit_recv,varbit_out,varbit_in,i,",",f,0,bit varying
1700,numeric,b,N,-1,0,1231,0,0,11,numeric_send,numeric_recv,numeric_out,numeric_in,i,",",f,0,numeric
1790,refcursor,b,U,-1,0,2201,0,0,11,textsend,textrecv,textout,textin,i,",",f,0,refcursor
2202,regprocedure,b,N,4,0,2207,0,0,11,regproceduresend,regprocedurerecv,regprocedureout,regprocedurein,i,",",f,0,regprocedure
2203,regoper,b,N,4,0,2208,0,0,11,regopersend,regoperrecv,regoperout,regoperin,i,",",f,0,regoper
2204,regoperator,b,N,4,0,2209,0,0,11,regoperatorsend,regoperatorrecv,regoperatorout,regoperatorin,i,",",f,0,regoperator
2205,regclass,b,N,4,0,2210,0,0,11,regclasssend,regclassrecv,regclassout,regclassin,i,",",f,0,regclass
4191,regcollation,b,N,4,0,4192,0,0,11,regcollationsend,regcollationrecv,regcollationout,regcollationin,i,",",f,0,regcollation
2206,regtype,b,N,4,0,2211,0,0,11,regtypesend,regtyperecv,regtypeout,regtypein,i,",",f,0,regtype
4096,regrole,b,N,4,0,4097,0,0,11,regrolesend,regrolerecv,regroleout,regrolein,i,",",f,0,regrole
4089,regnamespace,b,N,4,0,4090,0,0,11,regnamespacesend,regnamespacerecv,regnamespaceout,regnamespacein,i,",",f,0,regnamespace
2950,uuid,b,U,16,0,2951,0,0,11,uuid_send,uuid_recv,uuid_out,uuid_in,c,",",f,0,uuid
3220,pg_lsn,b,U,8,0,3221,0,0,11,pg_lsn_send,pg_lsn_recv,pg_lsn_out,pg_lsn_in,d,",",f,0,pg_lsn
3614,tsvector,b,U,-1,0,3643,0,0,11,tsvectorsend,tsvectorrecv,tsvectorout,tsvectorin,i,",",f,0,tsvector
3642,gtsvector,b,U,-1,0,3644,0,0,11,-,-,gtsvectorout,gtsvectorin,i,",",f,0,gtsvector
3615,tsquery,b,U,-1,0,3645,0,0,11,tsquerysend,tsqueryrecv,tsqueryout,tsqueryin,i,",",f,0,tsquery
3734,regconfig,b,N,4,0,3735,0,0,11,regconfigsend,regconfigrecv,regconfigout,regconfigin,i,",",f,0,regconfig
3769,regdictionary,b,N,4,0,3770,0,0,11,regdictionarysend,regdictionaryrecv,regdictionaryout,regdictionaryin,i,",",f,0,regdictionary
3802,jsonb,b,U,-1,0,3807,0,0,11,jsonb_send,jsonb_recv,jsonb_out,jsonb_in,i,",",f,0,jsonb
4072,jsonpath,b,U,-1,0,4073,0,0,11,jsonpath_send,jsonpath_recv,jsonpath_out,jsonpath_in,i,",",f,0,jsonpath
2970,txid_snapshot,b,U,-1,0,2949,0,0,11,txid_snapshot_send,txid_snapshot_recv,txid_snapshot_out,txid_snapshot_in,d,",",f,0,txid_snapshot
5038,pg_snapshot,b,U,-1,0,5039,0,0,11,pg_snapshot_send,pg_snapshot_recv,pg_snapshot_out,pg_snapshot_in,d,",",f,0,pg_snapshot
3904,int4range,r,R,-1,0,3905,0,0,11,range_send,range_recv,range_out,range_in,i,",",f,0,int4range
3906,numrange,r,R,-1,0,3907,0,0,11,range_send,range_recv,range_out,range_in,i,",",f,0,numrange
3908,tsrange,r,R,-1,0,3909,0,0,11,range_send,range_recv,range_out,range_in,d,",",f,0,tsrange
3910,tstzrange,r,R,-1,0,3911,0,0,11,range_send,range_recv,range_out,range_in,d,",",f,0,tstzrange
3912,daterange,r,R,-1,0,3913,0,0,11,range_send,range_recv,range_out,range_in,i,",",f,0,daterange
3926,int8range,r,R,-1,0,3927,0,0,11,range_send,range_recv,range_out,range_in,d,",",f,0,int8range
4451,int4multirange,m,R,-1,0,6150,0,0,11,multirange_send,multirange_recv,multirange_out,multirange_in,i,",",f,0,int4multirange
4532,nummultirange,m,R,-1,0,6151,0,0,11,multirange_send,multirange_recv,multirange_out,multirange_in,i,",",f,0,nummultirange
4533,tsmultirange,m,R,-1,0,6152,0,0,11,multirange_send,multirange_recv,multirange_out,multirange_in,d,",",f,0,tsmultirange
4534,tstzmultirange,m,R,-1,0,6153,0,0,11,multirange_send,multirange_recv,multirange_out,multirange_in,d,",",f,0,tstzmultirange
4535,datemultirange,m,R,-1,0,6155,0,0,11,multirange_send,multirange_recv,multirange_out,multirange_in,i,",",f,0,datemultirange
4536,int8multirange,m,R,-1,0,6157,0,0,11,multirange_send,multirange_recv,multirange_out,multirange_in,d,",",f,0,int8multirange
2249,record,p,P,-1,0,2287,0,0,11,record_send,record_recv,record_out,record_in,d,",",f,0,record
2287,_record,p,P,-1,2249,0,0,0,11,array_send,array_recv,array_out,array_in,d,",",f,0,record[]
2275,cstring,p,P,-2,0,1263,0,0,11,cstring_send,cstring_recv,cstring_out,cstring_in,c,",",f,0,cstring
2276,any,p,P,4,0,0,0,0,11,-,-,any_out,any_in,i,",",f,0,"""any"""
2277,anyarray,p,P,-1,0,0,0,0,11,anyarray_send,anyarray_recv,anyarray_out,anyarray_in,d,",",f,0,anyarray
2278,void,p,P,4,0,0,0,0,11,void_send,void_recv,void_out,void_in,i,",",f,0,void
2279,trigger,p,P,4,0,0,0,0,11,-,-,trigger_out,trigger_in,i,",",f,0,trigger
3838,event_trigger,p,P,4,0,0,0,0,11,-,-,event_trigger_out,event_trigger_in,i,",",f,0,event_trigger
2280,language_handler,p,P,4,0,0,0,0,11,-,-,language_handler_out,language_handler_in,i,",",f,0,language_handler
2281,internal,p,P,8,0,0,0,0,11,-,-,internal_out,internal_in,d,",",f,0,internal
2283,anyelement,p,P,4,0,0,0,0,11,-,-,anyelement_out,anyelement_in,i,",",f,0,anyelement
2776,anynonarray,p,P,4,0,0,0,0,11,-,-,anynonarray_out,anynonarray_in,i,",",f,0,anynonarray
3500,anyenum,p,P,4,0,0,0,0,11,-,-,anyenum_out,anyenum_in,i,",",f,0,anyenum
3115,fdw_handler,p,P,4,0,0,0,0,11,-,-,fdw_handler_out,fdw_handler_in,i,",",f,0,fdw_handler
325,index_am_handler,p,P,4,0,0,0,0,11,-,-,index_am_handler_out,index_am_handler_in,i,",",f,0,index_am_handler
3310,tsm_handler,p,P,4,0,0,0,0,11,-,-,tsm_handler_out,tsm_handler_in,i,",",f,0,tsm_handler
269,table_am_handler,p,P,4,0,0,0,0,11,-,-,table_am_handler_out,table_am_handler_in,i,",",f,0,table_am_handler
3831,anyrange,p,P,-1,0,0,0,0,11,-,-,anyrange_out,anyrange_in,d,",",f,0,anyrange
5077,anycompatible,p,P,4,0,0,0,0,11,-,-,anycompatible_out,anycompatible_in,i,",",f,0,anycompatible
5078,anycompatiblearray,p,P,-1,0,0,0,0,11,anycompatiblearray_send,anycompatiblearray_recv,anycompatiblearray_out,anycompatiblearray_in,d,",",f,0,anycompatiblearray
5079,anycompatiblenonarray,p,P,4,0,0,0,0,11,-,-,anycompatiblenonarray_out,anycompatiblenonarray_in,i,",",f,0,anycompatiblenonarray
5080,anycompatiblerange,p,P,-1,0,0,0,0,11,-,-,anycompatiblerange_out,anycompatiblerange_in,d,",",f,0,anycompatiblerange
4537,anymultirange,p,P,-1,0,0,0,0,11,-,-,anymultirange_out,anymultirange_in,d,",",f,0,anymultirange
4538,anycompatiblemultirange,p,P,-1,0,0,0,0,11,-,-,anycompatiblemultirange_out,anycompatiblemultirange_in,d,",",f,0,anycompatiblemultirange
4600,pg_brin_bloom_summary,b,S,-1,0,0,0,0,11,brin_bloom_summary_send,brin_bloom_summary_recv,brin_bloom_summary_out,brin_bloom_summary_in,i,",",f,100,pg_brin_bloom_summary
4601,pg_brin_minmax_multi_summary,b,S,-1,0,0,0,0,11,brin_minmax_multi_summary_send,brin_minmax_multi_summary_recv,brin_minmax_multi_summary_out,brin_minmax_multi_summary_in,i,",",f,100,pg_brin_minmax_multi_summary
1000,_bool,b,A,-1,16,0,0,0,11,array_send,array_recv,array_out,array_in,i,",",f,0,boolean[]
1001,_bytea,b,A,-1,17,0,0,0,11,array_send,array_recv,array_out,array_in,i,",",f,0,bytea[]
1002,_char,b,A,-1,18,0,0,0,11,array_send,array_recv,array_out,array_in,i,",",f,0,"""char""[]"
1003,_name,b,A,-1,19,0,0,0,11,array_send,array_recv,array_out,array_in,i,",",f,950,name[]
1016,_int8,b,A,-1,20,0,0,0,11,array_send,array_recv,array_out,array_in,d,",",f,0,bigint[]
1005,_int2,b,A,-1,21,0,0,0,11,array_send,array_recv,array_out,array_in,i,",",f,0,smallint[]
1006,_int2vector,b,A,-1,22,0,0,0,11,array_send,array_recv,array_out,array_in,i,",",f,0,int2vector[]
1007,_int4,b,A,-1,23,0,0,0,11,array_send,array_recv,array_out,array_in,i,",",f,0,integer[]
1008,_regproc,b,A,-1,24,0,0,0,11,array_send,array_recv,array_out,array_in,i,",",f,0,regproc[]
1009,_text,b,A,-1,25,0,0,0,11,array_send,array_recv,array_out,array_in,i,",",f,100,text[]
1028,_oid,b,A,-1,26,0,0,0,11,array_send,array_recv,array_out,array_in,i,",",f,0,oid[]
1010,_tid,b,A,-1,27,0,0,0,11,array_send,array_recv,array_out,array_in,i,",",f,0,tid[]
1011,_xid,b,A,-1,28,0,0,0,11,array_send,array_recv,array_out,array_in,i,",",f,0,xid[]
1012,_cid,b,A,-1,29,0,0,0,11,array_send,array_recv,array_out,array_in,i,",",f,0,cid[]
1013,_oidvector,b,A,-1,30,0,0,0,11,array_send,array_recv,array_out,array_in,i,",",f,0,oidvector[]
210,_pg_type,b,A,-1,71,0,0,0,11,array_send,array_recv,array_out,array_in,d,",",f,0,pg_type[]
270,_pg_attribute,b,A,-1,75,0,0,0,11,array_send,array_recv,array_out,array_in,d,",",f,0,pg_attribute[]
272,_pg_proc,b,A,-1,81,0,0,0,11,array_send,array_recv,array_out,array_in,d,",",f,0,pg_proc[]
273,_pg_class,b,A,-1,83,0,0,0,11,array_send,array_recv,array_out,array_in,d,",",f,0,pg_class[]
199,_json,b,A,-1,114,0,0,0,11,array_send,array_recv,array_out,array_in,i,",",f,0,json[]
143,_xml,b,A,-1,142,0,0,0,11,array_send,array_recv,array_out,array_in,i,",",f,0,xml[]
271,_xid8,b,A,-1,5069,0,0,0,11,array_send,array_recv,array_out,array_in,d,",",f,0,xid8[]
1017,_point,b,A,-1,600,0,0,0,11,array_send,array_recv,array_out,array_in,d,",",f,0,point[]
1018,_lseg,b,A,-1,601,0,0,0,11,array_send,array_recv,array_out,array_in,d,",",f,0,lseg[]
1019,_path,b,A,-1,602,0,0,0,11,array_send,array_recv,array_out,array_in,d,",",f,0,path[]
1020,_box,b,A,-1,603,0,0,0,11,array_send,array_recv,array_out,array_in,d,;,f,0,box[]
1027,_polygon,b,A,-1,604,0,0,0,11,array_send,array_recv,array_out,array_in,d,",",f,0,polygon[]
629,_line,b,A,-1,628,0,0,0,11,array_send,array_recv,array_out,array_in,d,",",f,0,line[]
1021,_float4,b,A,-1,700,0,0,0,11,array_send,array_recv,array_out,array_in,i,",",f,0,real[]
1022,_float8,b,A,-1,701,0,0,0,11,array_send,array_recv,array_out,array_in,d,",",f,0,double precision[]
719,_circle,b,A,-1,718,0,0,0,11,array_send,array_recv,array_out,array_in,d,",",f,0,circle[]
791,_money,b,A,-1,790,0,0,0,11,array_send,array_recv,array_out,array_in,d,",",f,0,money[]
1040,_macaddr,b,A,-1,829,0,0,0,11,array_send,array_recv,array_out,array_in,i,",",f,0,macaddr[]
1041,_inet,b,A,-1,869,0,0,0,11,array_send,array_recv,array_out,array_in,i,",",f,0,inet[]
651,_cidr,b,A,-1,650,0,0,0,11,array_send,array_recv,array_out,array_in,i,",",f,0,cidr[]
775,_macaddr8,b,A,-1,774,0,0,0,11,array_send,array_recv,array_out,array_in,i,",",f,0,macaddr8[]
1034,_aclitem,b,A,-1,1033,0,0,0,11,array_send,array_recv,array_out,array_in,i,",",f,0,aclitem[]
1014,_bpchar,b,A,-1,1042,0,0,0,11,array_send,array_recv,array_out,array_in,i,",",f,100,character[]
1015,_varchar,b,A,-1,1043,0,0,0,11,array_send,array_recv,array_out,array_in,i,",",f,100,character varying[]
1182,_date,b,A,-1,1082,0,0,0,11,array_send,array_recv,array_out,array_in,i,",",f,0,date[]
1183,_time,b,A,-1,1083,0,0,0,11,array_send,array_recv,array_out,array_in,d,",",f,0,time without time zone[]
1115,_timestamp,b,A,-1,1114,0,0,0,11,array_send,array_recv,array_out,array_in,d,",",f,0,timestamp without time zone[]
1185,_timestamptz,b,A,-1,1184,0,0,0,11,array_send,array_recv,array_out,array_in,d,",",f,0,timestamp with time zone[]
1187,_interval,b,A,-1,1186,0,0,0,11,array_send,array_recv,array_out,array_in,d,",",f,0,interval[]
1270,_timetz,b,A,-1,1266,0,0,0,11,array_send,array_recv,array_out,array_in,d,",",f,0,time with time zone[]
1561,_bit,b,A,-1,1560,0,0,0,11,array_send,array_recv,array_out,array_in,i,",",f,0,bit[]
1563,_varbit,b,A,-1,1562,0,0,0,11,array_send,array_recv,array_out,array_in,i,",",f,0,bit varying[]
1231,_numeric,b,A,-1,1700,0,0,0,11,array_send,array_recv,array_out,array_in,i,",",f,0,numeric[]
2201,_refcursor,b,A,-1,1790,0,0,0,11,array_send,array_recv,array_out,array_in,i,",",f,0,refcursor[]
2207,_regprocedure,b,A,-1,2202,0,0,0,11,array_send,array_recv,array_out,array_in,i,",",f,0,regprocedure[]
2208,_regoper,b,A,-1,2203,0,0,0,11,array_send,array_recv,array_out,array_in,i,",",f,0,regoper[]
2209,_regoperator,b,A,-1,2204,0,0,0,11,array_send,array_recv,array_out,array_in,i,",",f,0,regoperator[]
2210,_regclass,b,A,-1,2205,0,0,0,11,array_send,array_recv,array_out,array_in,i,",",f,0,regclass[]
4192,_regcollation,b,A,-1,4191,0,0,0,11,array_send,array_recv,array_out,array_in,i,",",f,0,regcollation[]
2211,_regtype,b,A,-1,2206,0,0,0,11,array_send,array_recv,array_out,array_in,i,",",f,0,regtype[]
4097,_regrole,b,A,-1,4096,0,0,0,11,array_send,array_recv,array_out,array_in,i,",",f,0,regrole[]
4090,_regnamespace,b,A,-1,4089,0,0,0,11,array_send,array_recv,array_out,array_in,i,",",f,0,regnamespace[]
2951,_uuid,b,A,-1,2950,0,0,0,11,array_send,array_recv,array_out,array_in,i,",",f,0,uuid[]
3221,_pg_lsn,b,A,-1,3220,0,0,0,11,array_send,array_recv,array_out,array_in,d,",",f,0,pg_lsn[]
3643,_tsvector,b,A,-1,3614,0,0,0,11,array_send,array_recv,array_out,array_in,i,",",f,0,tsvector[]
3644,_gtsvector,b,A,-1,3642,0,0,0,11,array_send,array_recv,array_out,array_in,i,",",f,0,gtsvector[]
3645,_tsquery,b,A,-1,3615,0,0,0,11,array_send,array_recv,array_out,array_in,i,",",f,0,tsquery[]
3735,_regconfig,b,A,-1,3734,0,0,0,11,array_send,array_recv,array_out,array_in,i,",",f,0,regconfig[]
3770,_regdictionary,b,A,-1,3769,0,0,0,11,array_send,array_recv,array_out,array_in,i,",",f,0,regdictionary[]
3807,_jsonb,b,A,-1,3802,0,0,0,11,array_send,array_recv,array_out,array_in,i,",",f,0,jsonb[]
4073,_jsonpath,b,A,-1,4072,0,0,0,11,array_send,array_recv,array_out,array_in,i,",",f,0,jsonpath[]
2949,_txid_snapshot,b,A,-1,2970,0,0,0,11,array_send,array_recv,array_out,array_in,d,",",f,0,txid_snapshot[]
5039,_pg_snapshot,b,A,-1,5038,0,0,0,11,array_send,array_recv,array_out,array_in,d,",",f,0,pg_snapshot[]
3905,_int4range,b,A,-1,3904,0,0,0,11,array_send,array_recv,array_out,array_in,i,",",f,0,int4range[]
3907,_numrange,b,A,-1,3906,0,0,0,11,array_send,array_recv,array_out,array_in,i,",",f,0,numrange[]
3909,_tsrange,b,A,-1,3908,0,0,0,11,array_send,array_recv,array_out,array_in,d,",",f,0,tsrange[]
3911,_tstzrange,b,A,-1,3910,0,0,0,11,array_send,array_recv,array_out,array_in,d,",",f,0,tstzrange[]
3913,_daterange,b,A,-1,3912,0,0,0,11,array_send,array_recv,array_out,array_in,i,",",f,0,daterange[]
3927,_int8range,b,A,-1,3926,0,0,0,11,array_send,array_recv,array_out,array_in,d,",",f,0,int8range[]
6150,_int4multirange,b,A,-1,4451,0,0,0,11,array_send,array_recv,array_out,array_in,i,",",f,0,int4multirange[]
6151,_nummultirange,b,A,-1,4532,0,0,0,11,array_send,array_recv,array_out,array_in,i,",",f,0,nummultirange[]
6152,_tsmultirange,b,A,-1,4533,0,0,0,11,array_send,array_recv,array_out,array_in,d,",",f,0,tsmultirange[]
6153,_tstzmultirange,b,A,-1,4534,0,0,0,11,array_send,array_recv,array_out,array_in,d,",",f,0,tstzmultirange[]
6155,_datemultirange,b,A,-1,4535,0,0,0,11,array_send,array_recv,array_out,array_in,i,",",f,0,datemultirange[]
6157,_int8multirange,b,A,-1,4536,0,0,0,11,array_send,array_recv,array_out,array_in,d,",",f,0,int8multirange[]
1263,_cstring,b,A,-1,2275,0,0,0,11,array_send,array_recv,array_out,array_in,i,",",f,0,cstring[]
12001,pg_attrdef,c,C,-1,0,12000,2604,0,11,record_send,record_recv,record_out,record_in,d,",",f,0,pg_attrdef
12000,_pg_attrdef,b,A,-1,12001,0,0,0,11,array_send,array_recv,array_out,array_in,d,",",f,0,pg_attrdef[]
12003,pg_constraint,c,C,-1,0,12002,2606,0,11,record_send,record_recv,record_out,record_in,d,",",f,0,pg_constraint
12002,_pg_constraint,b,A,-1,12003,0,0,0,11,array_send,array_recv,array_out,array_in,d,",",f,0,pg_constraint[]
12005,pg_inherits,c,C,-1,0,12004,2611,0,11,record_send,record_recv,record_out,record_in,d,",",f,0,pg_inherits
12004,_pg_inherits,b,A,-1,12005,0,0,0,11,array_send,array_recv,array_out,array_in,d,",",f,0,pg_inherits[]
12007,pg_index,c,C,-1,0,12006,2610,0,11,record_send,record_recv,record_out,record_in,d,",",f,0,pg_index
12006,_pg_index,b,A,-1,12007,0,0,0,11,array_send,array_recv,array_out,array_in,d,",",f,0,pg_index[]
12009,pg_operator,c,C,-1,0,12008,2617,0,11,record_send,record_recv,record_out,record_in,d,",",f,0,pg_operator
12008,_pg_operator,b,A,-1,12009,0,0,0,11,array_send,array_recv,array_out,array_in,d,",",f,0,pg_operator[]
12011,pg_opfamily,c,C,-1,0,12010,2753,0,11,record_send,record_recv,record_out,record_in,d,",",f,0,pg_opfamily
12010,_pg_opfamily,b,A,-1,12011,0,0,0,11,array_send,array_recv,array_out,array_in,d,",",f,0,pg_opfamily[]
12013,pg_opclass,c,C,-1,0,12012,2616,0,11,record_send,record_recv,record_out,record_in,d,",",f,0,pg_opclass
12012,_pg_opclass,b,A,-1,12013,0,0,0,11,array_send,array_recv,array_out,array_in,d,",",f,0,pg_opclass[]
12015,pg_am,c,C,-1,0,12014,2601,0,11,record_send,record_recv,record_out,record_in,d,",",f,0,pg_am
12014,_pg_am,b,A,-1,12015,0,0,0,11,array_send,array_recv,array_out,array_in,d,",",f,0,pg_am[]
12017,pg_amop,c,C,-1,0,12016,2602,0,11,record_send,record_recv,record_out,record_in,d,",",f,0,pg_amop
12016,_pg_amop,b,A,-1,12017,0,0,0,11,array_send,array_recv,array_out,array_in,d,",",f,0,pg_amop[]
12019,pg_amproc,c,C,-1,0,12018,2603,0,11,record_send,record_recv,record_out,record_in,d,",",f,0,pg_amproc
12018,_pg_amproc,b,A,-1,12019,0,0,0,11,array_send,array_recv,array_out,array_in,d,",",f,0,pg_amproc[]
12021,pg_language,c,C,-1,0,12020,2612,0,11,record_send,record_recv,record_out,record_in,d,",",f,0,pg_language
12020,_pg_language,b,A,-1,12021,0,0,0,11,array_send,array_recv,array_out,array_in,d,",",f,0,pg_language[]
12023,pg_largeobject_metadata,c,C,-1,0,12022,2995,0,11,record_send,record_recv,record_out,record_in,d,",",f,0,pg_largeobject_metadata
12022,_pg_largeobject_metadata,b,A,-1,12023,0,0,0,11,array_send,array_recv,array_out,array_in,d,",",f,0,pg_largeobject_metadata[]
12025,pg_largeobject,c,C,-1,0,12024,2613,0,11,record_send,record_recv,record_out,record_in,d,",",f,0,pg_largeobject
12024,_pg_largeobject,b,A,-1,12025,0,0,0,11,array_send,array_recv,array_out,array_in,d,",",f,0,pg_largeobject[]
12027,pg_aggregate,c,C,-1,0,12026,2600,0,11,record_send,record_recv,record_out,record_in,d,",",f,0,pg_aggregate
12026,_pg_aggregate,b,A,-1,12027,0,0,0,11,array_send,array_recv,array_out,array_in,d,",",f,0,pg_aggregate[]
12029,pg_statistic,c,C,-1,0,12028,2619,0,11,record_send,record_recv,record_out,record_in,d,",",f,0,pg_statistic
12028,_pg_statistic,b,A,-1,12029,0,0,0,11,array_send,array_recv,array_out,array_in,d,",",f,0,pg_statistic[]
12031,pg_statistic_ext,c,C,-1,0,12030,3381,0,11,record_send,record_recv,record_out,record_in,d,",",f,0,pg_statistic_ext
12030,_pg_statistic_ext,b,A,-1,12031,0,0,0,11,array_send,array_recv,array_out,array_in,d,",",f,0,pg_statistic_ext[]
12033,pg_statistic_ext_data,c,C,-1,0,12032,3429,0,11,record_send,record_recv,record_out,record_in,d,",",f,0,pg_statistic_ext_data
12032,_pg_statistic_ext_data,b,A,-1,12033,0,0,0,11,array_send,array_recv,array_out,array_in,d,",",f,0,pg_statistic_ext_data[]
12035,pg_rewrite,c,C,-1,0,12034,2618,0,11,record_send,record_recv,record_out,record_in,d,",",f,0,pg_rewrite
12034,_pg_rewrite,b,A,-1,12035,0,0,0,11,array_send,array_recv,array_out,array_in,d,",",f,0,pg_rewrite[]
12037,pg_trigger,c,C,-1,0,12036,2620,0,11,record_send,record_recv,record_out,record_in,d,",",f,0,pg_trigger
12036,_pg_trigger,b,A,-1,12037,0,0,0,11,array_send,array_recv,array_out,array_in,d,",",f,0,pg_trigger[]
12039,pg_event_trigger,c,C,-1,0,12038,3466,0,11,record_send,record_recv,record_out,record_in,d,",",f,0,pg_event_trigger
12038,_pg_event_trigger,b,A,-1,12039,0,0,0,11,array_send,array_recv,array_out,array_in,d,",",f,0,pg_event_trigger[]
12041,pg_description,c,C,-1,0,12040,2609,0,11,record_send,record_recv,record_out,record_in,d,",",f,0,pg_description
12040,_pg_description,b,A,-1,12041,0,0,0,11,array_send,array_recv,array_out,array_in,d,",",f,0,pg_description[]
12043,pg_cast,c,C,-1,0,12042,2605,0,11,record_send,record_recv,record_out,record_in,d,",",f,0,pg_cast
12042,_pg_cast,b,A,-1,12043,0,0,0,11,array_send,array_recv,array_out,array_in,d,",",f,0,pg_cast[]
12045,pg_enum,c,C,-1,0,12044,3501,0,11,record_send,record_recv,record_out,record_in,d,",",f,0,pg_enum
12044,_pg_enum,b,A,-1,12045,0,0,0,11,array_send,array_recv,array_out,array_in,d,",",f,0,pg_enum[]
12047,pg_namespace,c,C,-1,0,12046,2615,0,11,record_send,record_recv,record_out,record_in,d,",",f,0,pg_namespace
12046,_pg_namespace,b,A,-1,12047,0,0,0,11,array_send,array_recv,array_out,array_in,d,",",f,0,pg_namespace[]
12049,pg_conversion,c,C,-1,0,12048,2607,0,11,record_send,record_recv,record_out,record_in,d,",",f,0,pg_conversion
12048,_pg_conversion,b,A,-1,12049,0,0,0,11,array_send,array_recv,array_out,array_in,d,",",f,0,pg_conversion[]
12051,pg_depend,c,C,-1,0,12050,2608,0,11,record_send,record_recv,record_out,record_in,d,",",f,0,pg_depend
12050,_pg_depend,b,A,-1,12051,0,0,0,11,array_send,array_recv,array_out,array_in,d,",",f,0,pg_depend[]
1248,pg_database,c,C,-1,0,12052,1262,0,11,record_send,record_recv,record_out,record_in,d,",",f,0,pg_database
12052,_pg_database,b,A,-1,1248,0,0,0,11,array_send,array_recv,array_out,array_in,d,",",f,0,pg_database[]
12054,pg_db_role_setting,c,C,-1,0,12053,2964,0,11,record_send,record_recv,record_out,record_in,d,",",f,0,pg_db_role_setting
12053,_pg_db_role_setting,b,A,-1,12054,0,0,0,11,array_send,array_recv,array_out,array_in,d,",",f,0,pg_db_role_setting[]
12056,pg_tablespace,c,C,-1,0,12055,1213,0,11,record_send,record_recv,record_out,record_in,d,",",f,0,pg_tablespace
12055,_pg_tablespace,b,A,-1,12056,0,0,0,11,array_send,array_recv,array_out,array_in,d,",",f,0,pg_tablespace[]
2842,pg_authid,c,C,-1,0,12057,1260,0,11,record_send,record_recv,record_out,record_in,d,",",f,0,pg_authid
12057,_pg_authid,b,A,-1,2842,0,0,0,11,array_send,array_recv,array_out,array_in,d,",",f,0,pg_authid[]
2843,pg_auth_members,c,C,-1,0,12058,1261,0,11,record_send,record_recv,record_out,record_in,d,",",f,0,pg_auth_members
12058,_pg_auth_members,b,A,-1,2843,0,0,0,11,array_send,array_recv,array_out,array_in,d,",",f,0,pg_auth_members[]
12060,pg_shdepend,c,C,-1,0,12059,1214,0,11,record_send,record_recv,record_out,record_in,d,",",f,0,pg_shdepend
12059,_pg_shdepend,b,A,-1,12060,0,0,0,11,array_send,array_recv,array_out,array_in,d,",",f,0,pg_shdepend[]
12062,pg_shdescription,c,C,-1,0,12061,2396,0,11,record_send,record_recv,record_out,record_in,d,",",f,0,pg_shdescription
12061,_pg_shdescription,b,A,-1,12062,0,0,0,11,array_send,array_recv,array_out,array_in,d,",",f,0,pg_shdescription[]
12064,pg_ts_config,c,C,-1,0,12063,3602,0,11,record_send,record_recv,record_out,record_in,d,",",f,0,pg_ts_config
12063,_pg_ts_config,b,A,-1,12064,0,0,0,11,array_send,array_recv,array_out,array_in,d,",",f,0,pg_ts_config[]
12066,pg_ts_config_map,c,C,-1,0,12065,3603,0,11,record_send,record_recv,record_out,record_in,d,",",f,0,pg_ts_config_map
12065,_pg_ts_config_map,b,A,-1,12066,0,0,0,11,array_send,array_recv,array_out,array_in,d,",",f,0,pg_ts_config_map[]
12068,pg_ts_dict,c,C,-1,0,12067,3600,0,11,record_send,record_recv,record_out,record_in,d,",",f,0,pg_ts_dict
12067,_pg_ts_dict,b,A,-1,12068,0,0,0,11,array_send,array_recv,array_out,array_in,d,",",f,0,pg_ts_dict[]
12070,pg_ts_parser,c,C,-1,0,12069,3601,0,11,record_send,record_recv,record_out,record_in,d,",",f,0,pg_ts_parser
12069,_pg_ts_parser,b,A,-1,12070,0,0,0,11,array_send,array_recv,array_out,array_in,d,",",f,0,pg_ts_parser[]
12072,pg_ts_template,c,C,-1,0,12071,3764,0,11,record_send,record_recv,record_out,record_in,d,",",f,0,pg_ts_template
12071,_pg_ts_template,b,A,-1,12072,0,0,0,11,array_send,array_recv,array_out,array_in,d,",",f,0,pg_ts_template[]
12074,pg_extension,c,C,-1,0,12073,3079,0,11,record_send,record_recv,record_out,record_in,d,",",f,0,pg_extension
12073,_pg_extension,b,A,-1,12074,0,0,0,11,array_send,array_recv,array_out,array_in,d,",",f,0,pg_extension[]
12076,pg_foreign_data_wrapper,c,C,-1,0,12075,2328,0,11,record_send,record_recv,record_out,record_in,d,",",f,0,pg_foreign_data_wrapper
12075,_pg_foreign_data_wrapper,b,A,-1,12076,0,0,0,11,array_send,array_recv,array_out,array_in,d,",",f,0,pg_foreign_data_wrapper[]
12078,pg_foreign_server,c,C,-1,0,12077,1417,0,11,record_send,record_recv,record_out,record_in,d,",",f,0,pg_foreign_server
12077,_pg_foreign_server,b,A,-1,12078,0,0,0,11,array_send,array_recv,array_out,array_in,d,",",f,0,pg_foreign_server[]
12080,pg_user_mapping,c,C,-1,0,12079,1418,0,11,record_send,record_recv,record_out,record_in,d,",",f,0,pg_user_mapping
12079,_pg_user_mapping,b,A,-1,12080,0,0,0,11,array_send,array_recv,array_out,array_in,d,",",f,0,pg_user_mapping[]
12082,pg_foreign_table,c,C,-1,0,12081,3118,0,11,record_send,record_recv,record_out,record_in,d,",",f,0,pg_foreign_table
12081,_pg_foreign_table,b,A,-1,12082,0,0,0,11,array_send,array_recv,array_out,array_in,d,",",f,0,pg_foreign_table[]
12084,pg_policy,c,C,-1,0,12083,3256,0,11,record_send,record_recv,record_out,record_in,d,",",f,0,pg_policy
12083,_pg_policy,b,A,-1,12084,0,0,0,11,array_send,array_recv,array_out,array_in,d,",",f,0,pg_policy[]
12086,pg_replication_origin,c,C,-1,0,12085,6000,0,11,record_send,record_recv,record_out,record_in,d,",",f,0,pg_replication_origin
12085,_pg_replication_origin,b,A,-1,12086,0,0,0,11,array_send,array_recv,array_out,array_in,d,",",f,0,pg_replication_origin[]
12088,pg_default_acl,c,C,-1,0,12087,826,0,11,record_send,record_recv,record_out,record_in,d,",",f,0,pg_default_acl
12087,_pg_default_acl,b,A,-1,12088,0,0,0,11,array_send,array_recv,array_out,array_in,d,",",f,0,pg_default_acl[]
12090,pg_init_privs,c,C,-1,0,12089,3394,0,11,record_send,record_recv,record_out,record_in,d,",",f,0,pg_init_privs
12089,_pg_init_privs,b,A,-1,12090,0,0,0,11,array_send,array_recv,array_out,array_in,d,",",f,0,pg_init_privs[]
12092,pg_seclabel,c,C,-1,0,12091,3596,0,11,record_send,record_recv,record_out,record_in,d,",",f,0,pg_seclabel
12091,_pg_seclabel,b,A,-1,12092,0,0,0,11,array_send,array_recv,array_out,array_in,d,",",f,0,pg_seclabel[]
4066,pg_shseclabel,c,C,-1,0,12093,3592,0,11,record_send,record_recv,record_out,record_in,d,",",f,0,pg_shseclabel
12093,_pg_shseclabel,b,A,-1,4066,0,0,0,11,array_send,array_recv,array_out,array_in,d,",",f,0,pg_shseclabel[]
12095,pg_collation,c,C,-1,0,12094,3456,0,11,record_send,record_recv,record_out,record_in,d,",",f,0,pg_collation
12094,_pg_collation,b,A,-1,12095,0,0,0,11,array_send,array_recv,array_out,array_in,d,",",f,0,pg_collation[]
12097,pg_partitioned_table,c,C,-1,0,12096,3350,0,11,record_send,record_recv,record_out,record_in,d,",",f,0,pg_partitioned_table
12096,_pg_partitioned_table,b,A,-1,12097,0,0,0,11,array_send,array_recv,array_out,array_in,d,",",f,0,pg_partitioned_table[]
12099,pg_range,c,C,-1,0,12098,3541,0,11,record_send,record_recv,record_out,record_in,d,",",f,0,pg_range
12098,_pg_range,b,A,-1,12099,0,0,0,11,array_send,array_recv,array_out,array_in,d,",",f,0,pg_range[]
12101,pg_transform,c,C,-1,0,12100,3576,0,11,record_send,record_recv,record_out,record_in,d,",",f,0,pg_transform
12100,_pg_transform,b,A,-1,12101,0,0,0,11,array_send,array_recv,array_out,array_in,d,",",f,0,pg_transform[]
12103,pg_sequence,c,C,-1,0,12102,2224,0,11,record_send,record_recv,record_out,record_in,d,",",f,0,pg_sequence
12102,_pg_sequence,b,A,-1,12103,0,0,0,11,array_send,array_recv,array_out,array_in,d,",",f,0,pg_sequence[]
12105,pg_publication,c,C,-1,0,12104,6104,0,11,record_send,record_recv,record_out,record_in,d,",",f,0,pg_publication
12104,_pg_publication,b,A,-1,12105,0,0,0,11,array_send,array_recv,array_out,array_in,d,",",f,0,pg_publication[]
12107,pg_publication_rel,c,C,-1,0,12106,6106,0,11,record_send,record_recv,record_out,record_in,d,",",f,0,pg_publication_rel
12106,_pg_publication_rel,b,A,-1,12107,0,0,0,11,array_send,array_recv,array_out,array_in,d,",",f,0,pg_publication_rel[]
6101,pg_subscription,c,C,-1,0,12108,6100,0,11,record_send,record_recv,record_out,record_in,d,",",f,0,pg_subscription
12108,_pg_subscription,b,A,-1,6101,0,0,0,11,array_send,array_recv,array_out,array_in,d,",",f,0,pg_subscription[]
12110,pg_subscription_rel,c,C,-1,0,12109,6102,0,11,record_send,record_recv,record_out,record_in,d,",",f,0,pg_subscription_rel
12109,_pg_subscription_rel,b,A,-1,12110,0,0,0,11,array_send,array_recv,array_out,array_in,d,",",f,0,pg_subscription_rel[]
12219,pg_roles,c,C,-1,0,12218,12217,0,11,record_send,record_recv,record_out,record_in,d,",",f,0,pg_roles
12218,_pg_roles,b,A,-1,12219,0,0,0,11,array_send,array_recv,array_out,array_in,d,",",f,0,pg_roles[]
12224,pg_shadow,c,C,-1,0,12223,12222,0,11,record_send,record_recv,record_out,record_in,d,",",f,0,pg_shadow
12223,_pg_shadow,b,A,-1,12224,0,0,0,11,array_send,array_recv,array_out,array_in,d,",",f,0,pg_shadow[]
12229,pg_group,c,C,-1,0,12228,12227,0,11,record_send,record_recv,record_out,record_in,d,",",f,0,pg_group
12228,_pg_group,b,A,-1,12229,0,0,0,11,array_send,array_recv,array_out,array_in,d,",",f,0,pg_group[]
12233,pg_user,c,C,-1,0,12232,12231,0,11,record_send,record_recv,record_out,record_in,d,",",f,0,pg_user
12232,_pg_user,b,A,-1,12233,0,0,0,11,array_send,array_recv,array_out,array_in,d,",",f,0,pg_user[]
12237,pg_policies,c,C,-1,0,12236,12235,0,11,record_send,record_recv,record_out,record_in,d,",",f,0,pg_policies
12236,_pg_policies,b,A,-1,12237,0,0,0,11,array_send,array_recv,array_out,array_in,d,",",f,0,pg_policies[]
12242,pg_rules,c,C,-1,0,12241,12240,0,11,record_send,record_recv,record_out,record_in,d,",",f,0,pg_rules
12241,_pg_rules,b,A,-1,12242,0,0,0,11,array_send,array_recv,array_out,array_in,d,",",f,0,pg_rules[]
12247,pg_views,c,C,-1,0,12246,12245,0,11,record_send,record_recv,record_out,record_in,d,",",f,0,pg_views
12246,_pg_views,b,A,-1,12247,0,0,0,11,array_send,array_recv,array_out,array_in,d,",",f,0,pg_views[]
12252,pg_tables,c,C,-1,0,12251,12250,0,11,record_send,record_recv,record_out,record_in,d,",",f,0,pg_tables
12251,_pg_tables,b,A,-1,12252,0,0,0,11,array_send,array_recv,array_out,array_in,d,",",f,0,pg_tables[]
12257,pg_matviews,c,C,-1,0,12256,12255,0,11,record_send,record_recv,record_out,record_in,d,",",f,0,pg_matviews
12256,_pg_matviews,b,A,-1,12257,0,0,0,11,array_send,array_recv,array_out,array_in,d,",",f,0,pg_matviews[]
12262,pg_indexes,c,C,-1,0,12261,12260,0,11,record_send,record_recv,record_out,record_in,d,",",f,0,pg_indexes
12261,_pg_indexes,b,A,-1,12262,0,0,0,11,array_send,array_recv,array_out,array_in,d,",",f,0,pg_indexes[]
12267,pg_sequences,c,C,-1,0,12266,12265,0,11,record_send,record_recv,record_out,record_in,d,",",f,0,pg_sequences
12266,_pg_sequences,b,A,-1,12267,0,0,0,11,array_send,array_recv,array_out,array_in,d,",",f,0,pg_sequences[]
12272,pg_stats,c,C,-1,0,12271,12270,0,11,record_send,record_recv,record_out,record_in,d,",",f,0,pg_stats
12271,_pg_stats,b,A,-1,12272,0,0,0,11,array_send,array_recv,array_out,array_in,d,",",f,0,pg_stats[]
12277,pg_stats_ext,c,C,-1,0,12276,12275,0,11,record_send,record_recv,record_out,record_in,d,",",f,0,pg_stats_ext
12276,_pg_stats_ext,b,A,-1,12277,0,0,0,11,array_send,array_recv,array_out,array_in,d,",",f,0,pg_stats_ext[]
12282,pg_stats_ext_exprs,c,C,-1,0,12281,12280,0,11,record_send,record_recv,record_out,record_in,d,",",f,0,pg_stats_ext_exprs
12281,_pg_stats_ext_exprs,b,A,-1,12282,0,0,0,11,array_send,array_recv,array_out,array_in,d,",",f,0,pg_stats_ext_exprs[]
12287,pg_publication_tables,c,C,-1,0,12286,12285,0,11,record_send,record_recv,record_out,record_in,d,",",f,0,pg_publication_tables
12286,_pg_publication_tables,b,A,-1,12287,0,0,0,11,array_send,array_recv,array_out,array_in,d,",",f,0,pg_publication_tables[]
12292,pg_locks,c,C,-1,0,12291,12290,0,11,record_send,record_recv,record_out,record_in,d,",",f,0,pg_locks
12291,_pg_locks,b,A,-1,12292,0,0,0,11,array_send,array_recv,array_out,array_in,d,",",f,0,pg_locks[]
12296,pg_cursors,c,C,-1,0,12295,12294,0,11,record_send,record_recv,record_out,record_in,d,",",f,0,pg_cursors
12295,_pg_cursors,b,A,-1,12296,0,0,0,11,array_send,array_recv,array_out,array_in,d,",",f,0,pg_cursors[]
12300,pg_available_extensions,c,C,-1,0,12299,12298,0,11,record_send,record_recv,record_out,record_in,d,",",f,0,pg_available_extensions
12299,_pg_available_extensions,b,A,-1,12300,0,0,0,11,array_send,array_recv,array_out,array_in,d,",",f,0,pg_available_extensions[]
12304,pg_available_extension_versions,c,C,-1,0,12303,12302,0,11,record_send,record_recv,record_out,record_in,d,",",f,0,pg_available_extension_versions
12303,_pg_available_extension_versions,b,A,-1,12304,0,0,0,11,array_send,array_recv,array_out,array_in,d,",",f,0,pg_available_extension_versions[]
12309,pg_prepared_xacts,c,C,-1,0,12308,12307,0,11,record_send,record_recv,record_out,record_in,d,",",f,0,pg_prepared_xacts
12308,_pg_prepared_xacts,b,A,-1,12309,0,0,0,11,array_send,array_recv,array_out,array_in,d,",",f,0,pg_prepared_xacts[]
12314,pg_prepared_statements,c,C,-1,0,12313,12312,0,11,record_send,record_recv,record_out,record_in,d,",",f,0,pg_prepared_statements
12313,_pg_prepared_statements,b,A,-1,12314,0,0,0,11,array_send,array_recv,array_out,array_in,d,",",f,0,pg_prepared_statements[]
12318,pg_seclabels,c,C,-1,0,12317,12316,0,11,record_send,record_recv,record_out,record_in,d,",",f,0,pg_seclabels
12317,_pg_seclabels,b,A,-1,12318,0,0,0,11,array_send,array_recv,array_out,array_in,d,",",f,0,pg_seclabels[]
12323,pg_settings,c,C,-1,0,12322,12321,0,11,record_send,record_recv,record_out,record_in,d,",",f,0,pg_settings
12322,_pg_settings,b,A,-1,12323,0,0,0,11,array_send,array_recv,array_out,array_in,d,",",f,0,pg_settings[]
12329,pg_file_settings,c,C,-1,0,12328,12327,0,11,record_send,record_recv,record_out,record_in,d,",",f,0,pg_file_settings
12328,_pg_file_settings,b,A,-1,12329,0,0,0,11,array_send,array_recv,array_out,array_in,d,",",f,0,pg_file_settings[]
12333,pg_hba_file_rules,c,C,-1,0,12332,12331,0,11,record_send,record_recv,record_out,record_in,d,",",f,0,pg_hba_file_rules
12332,_pg_hba_file_rules,b,A,-1,12333,0,0,0,11,array_send,array_recv,array_out,array_in,d,",",f,0,pg_hba_file_rules[]
12337,pg_timezone_abbrevs,c,C,-1,0,12336,12335,0,11,record_send,record_recv,record_out,record_in,d,",",f,0,pg_timezone_abbrevs
12336,_pg_timezone_abbrevs,b,A,-1,12337,0,0,0,11,array_send,array_recv,array_out,array_in,d,",",f,0,pg_timezone_abbrevs[]
12341,pg_timezone_names,c,C,-1,0,12340,12339,0,11,record_send,record_recv,record_out,record_in,d,",",f,0,pg_timezone_names
12340,_pg_timezone_names,b,A,-1,12341,0,0,0,11,array_send,array_recv,array_out,array_in,d,",",f,0,pg_timezone_names[]
12345,pg_config,c,C,-1,0,12344,12343,0,11,record_send,record_recv,record_out,record_in,d,",",f,0,pg_config
12344,_pg_config,b,A,-1,12345,0,0,0,11,array_send,array_recv,array_out,array_in,d,",",f,0,pg_config[]
12349,pg_shmem_allocations,c,C,-1,0,12348,12347,0,11,record_send,record_recv,record_out,record_in,d,",",f,0,pg_shmem_allocations
12348,_pg_shmem_allocations,b,A,-1,12349,0,0,0,11,array_send,array_recv,array_out,array_in,d,",",f,0,pg_shmem_allocations[]
12353,pg_backend_memory_contexts,c,C,-1,0,12352,12351,0,11,record_send,record_recv,record_out,record_in,d,",",f,0,pg_backend_memory_contexts
12352,_pg_backend_memory_contexts,b,A,-1,12353,0,0,0,11,array_send,array_recv,array_out,array_in,d,",",f,0,pg_backend_memory_contexts[]
12357,pg_stat_all_tables,c,C,-1,0,12356,12355,0,11,record_send,record_recv,record_out,record_in,d,",",f,0,pg_stat_all_tables
12356,_pg_stat_all_tables,b,A,-1,12357,0,0,0,11,array_send,array_recv,array_out,array_in,d,",",f,0,pg_stat_all_tables[]
12362,pg_stat_xact_all_tables,c,C,-1,0,12361,12360,0,11,record_send,record_recv,record_out,record_in,d,",",f,0,pg_stat_xact_all_tables
12361,_pg_stat_xact_all_tables,b,A,-1,12362,0,0,0,11,array_send,array_recv,array_out,array_in,d,",",f,0,pg_stat_xact_all_tables[]
12367,pg_stat_sys_tables,c,C,-1,0,12366,12365,0,11,record_send,record_recv,record_out,record_in,d,",",f,0,pg_stat_sys_tables
12366,_pg_stat_sys_tables,b,A,-1,12367,0,0,0,11,array_send,array_recv,array_out,array_in,d,",",f,0,pg_stat_sys_tables[]
12372,pg_stat_xact_sys_tables,c,C,-1,0,12371,12370,0,11,record_send,record_recv,record_out,record_in,d,",",f,0,pg_stat_xact_sys_tables
12371,_pg_stat_xact_sys_tables,b,A,-1,12372,0,0,0,11,array_send,array_recv,array_out,array_in,d,",",f,0,pg_stat_xact_sys_tables[]
12376,pg_stat_user_tables,c,C,-1,0,12375,12374,0,11,record_send,record_recv,record_out,record_in,d,",",f,0,pg_stat_user_tables
12375,_pg_stat_user_tables,b,A,-1,12376,0,0,0,11,array_send,array_recv,array_out,array_in,d,",",f,0,pg_stat_user_tables[]
12381,pg_stat_xact_user_tables,c,C,-1,0,12380,12379,0,11,record_send,record_recv,record_out,record_in,d,",",f,0,pg_stat_xact_user_tables
12380,_pg_stat_xact_user_tables,b,A,-1,12381,0,0,0,11,array_send,array_recv,array_out,array_in,d,",",f,0,pg_stat_xact_user_tables[]
12385,pg_statio_all_tables,c,C,-1,0,12384,12383,0,11,record_send,record_recv,record_out,record_in,d,",",f,0,pg_statio_all_tables
12384,_pg_statio_all_tables,b,A,-1,12385,0,0,0,11,array_send,array_recv,array_out,array_in,d,",",f,0,pg_statio_all_tables[]
12390,pg_statio_sys_tables,c,C,-1,0,12389,12388,0,11,record_send,record_recv,record_out,record_in,d,",",f,0,pg_statio_sys_tables
12389,_pg_statio_sys_tables,b,A,-1,12390,0,0,0,11,array_send,array_recv,array_out,array_in,d,",",f,0,pg_statio_sys_tables[]
12394,pg_statio_user_tables,c,C,-1,0,12393,12392,0,11,record_send,record_recv,record_out,record_in,d,",",f,0,pg_statio_user_tables
12393,_pg_statio_user_tables,b,A,-1,12394,0,0,0,11,array_send,array_recv,array_out,array_in,d,",",f,0,pg_statio_user_tables[]
12398,pg_stat_all_indexes,c,C,-1,0,12397,12396,0,11,record_send,record_recv,record_out,record_in,d,",",f,0,pg_stat_all_indexes
12397,_pg_stat_all_indexes,b,A,-1,12398,0,0,0,11,array_send,array_recv,array_out,array_in,d,",",f,0,pg_stat_all_indexes[]
12403,pg_stat_sys_indexes,c,C,-1,0,12402,12401,0,11,record_send,record_recv,record_out,record_in,d,",",f,0,pg_stat_sys_indexes
12402,_pg_stat_sys_indexes,b,A,-1,12403,0,0,0,11,array_send,array_recv,array_out,array_in,d,",",f,0,pg_stat_sys_indexes[]
12407,pg_stat_user_indexes,c,C,-1,0,12406,12405,0,11,record_send,record_recv,record_out,record_in,d,",",f,0,pg_stat_user_indexes
12406,_pg_stat_user_indexes,b,A,-1,12407,0,0,0,11,array_send,array_recv,array_out,array_in,d,",",f,0,pg_stat_user_indexes[]
12411,pg_statio_all_indexes,c,C,-1,0,12410,12409,0,11,record_send,record_recv,record_out,record_in,d,",",f,0,pg_statio_all_indexes
12410,_pg_statio_all_indexes,b,A,-1,12411,0,0,0,11,array_send,array_recv,array_out,array_in,d,",",f,0,pg_statio_all_indexes[]
12416,pg_statio_sys_indexes,c,C,-1,0,12415,12414,0,11,record_send,record_recv,record_out,record_in,d,",",f,0,pg_statio_sys_indexes
12415,_pg_statio_sys_indexes,b,A,-1,12416,0,0,0,11,array_send,array_recv,array_out,array_in,d,",",f,0,pg_statio_sys_indexes[]
12420,pg_statio_user_indexes,c,C,-1,0,12419,12418,0,11,record_send,record_recv,record_out,record_in,d,",",f,0,pg_statio_user_indexes
12419,_pg_statio_user_indexes,b,A,-1,12420,0,0,0,11,array_send,array_recv,array_out,array_in,d,",",f,0,pg_statio_user_indexes[]
12424,pg_statio_all_sequences,c,C,-1,0,12423,12422,0,11,record_send,record_recv,record_out,record_in,d,",",f,0,pg_statio_all_sequences
12423,_pg_statio_all_sequences,b,A,-1,12424,0,0,0,11,array_send,array_recv,array_out,array_in,d,",",f,0,pg_statio_all_sequences[]
12429,pg_statio_sys_sequences,c,C,-1,0,12428,12427,0,11,record_send,record_recv,record_out,record_in,d,",",f,0,pg_statio_sys_sequences
12428,_pg_statio_sys_sequences,b,A,-1,12429,0,0,0,11,array_send,array_recv,array_out,array_in,d,",",f,0,pg_statio_sys_sequences[]
12433,pg_statio_user_sequences,c,C,-1,0,12432,12431,0,11,record_send,record_recv,record_out,record_in,d,",",f,0,pg_statio_user_sequences
12432,_pg_statio_user_sequences,b,A,-1,12433,0,0,0,11,array_send,array_recv,array_out,array_in,d,",",f,0,pg_statio_user_sequences[]
12437,pg_stat_activity,c,C,-1,0,12436,12435,0,11,record_send,record_recv,record_out,record_in,d,",",f,0,pg_stat_activity
12436,_pg_stat_activity,b,A,-1,12437,0,0,0,11,array_send,array_recv,array_out,array_in,d,",",f,0,pg_stat_activity[]
12442,pg_stat_replication,c,C,-1,0,12441,12440,0,11,record_send,record_recv,record_out,record_in,d,",",f,0,pg_stat_replication
12441,_pg_stat_replication,b,A,-1,12442,0,0,0,11,array_send,array_recv,array_out,array_in,d,",",f,0,pg_stat_replication[]
12447,pg_stat_slru,c,C,-1,0,12446,12445,0,11,record_send,record_recv,record_out,record_in,d,",",f,0,pg_stat_slru
12446,_pg_stat_slru,b,A,-1,12447,0,0,0,11,array_send,array_recv,array_out,array_in,d,",",f,0,pg_stat_slru[]
12451,pg_stat_wal_receiver,c,C,-1,0,12450,12449,0,11,record_send,record_recv,record_out,record_in,d,",",f,0,pg_stat_wal_receiver
12450,_pg_stat_wal_receiver,b,A,-1,12451,0,0,0,11,array_send,array_recv,array_out,array_in,d,",",f,0,pg_stat_wal_receiver[]
12455,pg_stat_subscription,c,C,-1,0,12454,12453,0,11,record_send,record_recv,record_out,record_in,d,",",f,0,pg_stat_subscription
12454,_pg_stat_subscription,b,A,-1,12455,0,0,0,11,array_send,array_recv,array_out,array_in,d,",",f,0,pg_stat_subscription[]
12460,pg_stat_ssl,c,C,-1,0,12459,12458,0,11,record_send,record_recv,record_out,record_in,d,",",f,0,pg_stat_ssl
12459,_pg_stat_ssl,b,A,-1,12460,0,0,0,11,array_send,array_recv,array_out,array_in,d,",",f,0,pg_stat_ssl[]
12464,pg_stat_gssapi,c,C,-1,0,12463,12462,0,11,record_send,record_recv,record_out,record_in,d,",",f,0,pg_stat_gssapi
12463,_pg_stat_gssapi,b,A,-1,12464,0,0,0,11,array_send,array_recv,array_out,array_in,d,",",f,0,pg_stat_gssapi[]
12468,pg_replication_slots,c,C,-1,0,12467,12466,0,11,record_send,record_recv,record_out,record_in,d,",",f,0,pg_replication_slots
12467,_pg_replication_slots,b,A,-1,12468,0,0,0,11,array_send,array_recv,array_out,array_in,d,",",f,0,pg_replication_slots[]
12473,pg_stat_replication_slots,c,C,-1,0,12472,12471,0,11,record_send,record_recv,record_out,record_in,d,",",f,0,pg_stat_replication_slots
12472,_pg_stat_replication_slots,b,A,-1,12473,0,0,0,11,array_send,array_recv,array_out,array_in,d,",",f,0,pg_stat_replication_slots[]
12477,pg_stat_database,c,C,-1,0,12476,12475,0,11,record_send,record_recv,record_out,record_in,d,",",f,0,pg_stat_database
12476,_pg_stat_database,b,A,-1,12477,0,0,0,11,array_send,array_recv,array_out,array_in,d,",",f,0,pg_stat_database[]
12482,pg_stat_database_conflicts,c,C,-1,0,12481,12480,0,11,record_send,record_recv,record_out,record_in,d,",",f,0,pg_stat_database_conflicts
12481,_pg_stat_database_conflicts,b,A,-1,12482,0,0,0,11,array_send,array_recv,array_out,array_in,d,",",f,0,pg_stat_database_conflicts[]
12486,pg_stat_user_functions,c,C,-1,0,12485,12484,0,11,record_send,record_recv,record_out,record_in,d,",",f,0,pg_stat_user_functions
12485,_pg_stat_user_functions,b,A,-1,12486,0,0,0,11,array_send,array_recv,array_out,array_in,d,",",f,0,pg_stat_user_functions[]
12491,pg_stat_xact_user_functions,c,C,-1,0,12490,12489,0,11,record_send,record_recv,record_out,record_in,d,",",f,0,pg_stat_xact_user_functions
12490,_pg_stat_xact_user_functions,b,A,-1,12491,0,0,0,11,array_send,array_recv,array_out,array_in,d,",",f,0,pg_stat_xact_user_functions[]
12496,pg_stat_archiver,c,C,-1,0,12495,12494,0,11,record_send,record_recv,record_out,record_in,d,",",f,0,pg_stat_archiver
12495,_pg_stat_archiver,b,A,-1,12496,0,0,0,11,array_send,array_recv,array_out,array_in,d,",",f,0,pg_stat_archiver[]
12500,pg_stat_bgwriter,c,C,-1,0,12499,12498,0,11,record_send,record_recv,record_out,record_in,d,",",f,0,pg_stat_bgwriter
12499,_pg_stat_bgwriter,b,A,-1,12500,0,0,0,11,array_send,array_recv,array_out,array_in,d,",",f,0,pg_stat_bgwriter[]
12504,pg_stat_wal,c,C,-1,0,12503,12502,0,11,record_send,record_recv,record_out,record_in,d,",",f,0,pg_stat_wal
12503,_pg_stat_wal,b,A,-1,12504,0,0,0,11,array_send,array_recv,array_out,array_in,d,",",f,0,pg_stat_wal[]
12508,pg_stat_progress_analyze,c,C,-1,0,12507,12506,0,11,record_send,record_recv,record_out,record_in,d,",",f,0,pg_stat_progress_analyze
12507,_pg_stat_progress_analyze,b,A,-1,12508,0,0,0,11,array_send,array_recv,array_out,array_in,d,",",f,0,pg_stat_progress_analyze[]
12513,pg_stat_progress_vacuum,c,C,-1,0,12512,12511,0,11,record_send,record_recv,record_out,record_in,d,",",f,0,pg_stat_progress_vacuum
12512,_pg_stat_progress_vacuum,b,A,-1,12513,0,0,0,11,array_send,array_recv,array_out,array_in,d,",",f,0,pg_stat_progress_vacuum[]
12518,pg_stat_progress_cluster,c,C,-1,0,12517,12516,0,11,record_send,record_recv,record_out,record_in,d,",",f,0,pg_stat_progress_cluster
12517,_pg_stat_progress_cluster,b,A,-1,12518,0,0,0,11,array_send,array_recv,array_out,array_in,d,",",f,0,pg_stat_progress_cluster[]
12523,pg_stat_progress_create_index,c,C,-1,0,12522,12521,0,11,record_send,record_recv,record_out,record_in,d,",",f,0,pg_stat_progress_create_index
12522,_pg_stat_progress_create_index,b,A,-1,12523,0,0,0,11,array_send,array_recv,array_out,array_in,d,",",f,0,pg_stat_progress_create_index[]
12528,pg_stat_progress_basebackup,c,C,-1,0,12527,12526,0,11,record_send,record_recv,record_out,record_in,d,",",f,0,pg_stat_progress_basebackup
12527,_pg_stat_progress_basebackup,b,A,-1,12528,0,0,0,11,array_send,array_recv,array_out,array_in,d,",",f,0,pg_stat_progress_basebackup[]
12533,pg_stat_progress_copy,c,C,-1,0,12532,12531,0,11,record_send,record_recv,record_out,record_in,d,",",f,0,pg_stat_progress_copy
12532,_pg_stat_progress_copy,b,A,-1,12533,0,0,0,11,array_send,array_recv,array_out,array_in,d,",",f,0,pg_stat_progress_copy[]
12538,pg_user_mappings,c,C,-1,0,12537,12536,0,11,record_send,record_recv,record_out,record_in,d,",",f,0,pg_user_mappings
12537,_pg_user_mappings,b,A,-1,12538,0,0,0,11,array_send,array_recv,array_out,array_in,d,",",f,0,pg_user_mappings[]
12543,pg_replication_origin_status,c,C,-1,0,12542,12541,0,11,record_send,record_recv,record_out,record_in,d,",",f,0,pg_replication_origin_status
12542,_pg_replication_origin_status,b,A,-1,12543,0,0,0,11,array_send,array_recv,array_out,array_in,d,",",f,0,pg_replication_origin_status[]
